"""TiK ToK""",Ke$ha,Electropop,RCA,"Kesha, Dr. Luke, Benny Blanco","Dr. Luke, Benny Blanco"
"""Need You Now""",Lady Antebellum,"Country pop
country rock","Capitol Nashville
Parlophone","Hillary Scott
Charles Kelley
Dave Haywood
Josh Kear","Lady Antebellum
Paul Worley"
"""Hey, Soul Sister""",Train,"Pop rock
folk rock","Columbia
Sony Music","Patrick Monahan
Espen Lind
Amund Bjørklund","Espionage
Martin Terefe
Gregg Wattenberg"
"""California Gurls""",Katy Perry,"Disco-pop
funk-pop",Capitol,"Katy Perry
Lukasz Gottwald
Max Martin
Benjamin Levin
Bonnie McKee
Calvin Broadus","Dr. Luke
Benny Blanco
Max Martin"
"""OMG""",Usher,"Dance-pop
Electro-pop
synthpop",LaFace,William Adams,will.i.am
"""Airplanes""",B.o.B,"Alternative rap
rap rock","Grand Hustle
Rebel Rock
Atlantic
A&M/Octone (Oceania)","Jeremy ""Kinetics"" Dussolliet
Tim ""One Love"" Sommers
Justin Franks
Alexander Grant
Bobby Simmons
Christine Dominguez","Alex da Kid
DJ Frank E"
"""Love the Way You Lie""",Eminem,Hip hop,"Aftermath
Interscope
Shady","Marshall Mathers
Alexander Grant
Holly Hafermann","Alex da Kid
Makeba Riddick"
"""Bad Romance""",Lady Gaga,Dance-pop,"Streamline
KonLive
Cherrytree
Interscope","Stefani Germanotta
Nadir Khayat[1]","RedOne
Lady Gaga"
"""Dynamite""",Taio Cruz,"Dance-pop
electropop",Island,"Taio Cruz
Dr. Luke
Max Martin
Benny Blanco
Bonnie McKee","Dr. Luke
Benny Blanco"
"""Break Your Heart""",Taio Cruz,"Electropop
Electro-R&B
dance-pop","Island
Mercury (US)","Taio Cruz
Fraser T Smith","Taio Cruz
Fraser T Smith"
"""Nothin' on You""",B.o.B,"Pop rap
R&B","Rebel Rock
Grand Hustle
Atlantic","Bobby Ray Simmons, Jr.
Peter Hernandez
Philip Lawrence
Ari Levine",The Smeezingtons
"""I Like It""",Enrique Iglesias,Electropop,Universal Republic,"Enrique Iglesias
Nadir Khayat
Armando Pérez
Lionel Richie",RedOne
"""BedRock""",Young Money,"Pop-rap
dirty rap","Young Money
Cash Money
Universal Motown","Dwayne Carter
Aubrey Graham
Lloyd Polite
Carl Lilly
Onika Maraj
Michael Stevenson
Jarvis Mills
Sean Garrett",Kane Beatz
"""In My Head""",Jason Derulo,"Electronic rock
synthpop","Beluga Heights
Asylum
Warner Bros.","Jason Desrouleaux
Claude Kelly
J. R. Rotem",J.R. Rotem
"""Rude Boy""",Rihanna,Dancehall,"Def Jam
SRP","Mikkel S. Eriksen
Tor Erik Hermansen
Ester Dean
Makeba Riddick
Rob Swire
Robyn Fenty","StarGate
Rob Swire"
"""Telephone""",Lady Gaga,Dance-pop,"Streamline
Kon Live
Cherrytree
Interscope","Stefani Germanotta
Rodney ""Darkchild"" Jerkins
LaShawn Daniels
Lazonate Franklin
Beyoncé Knowles","Darkchild
Lady Gaga[1]"
"""Teenage Dream""",Katy Perry,"Electropop
power pop",Capitol,"Katy Perry
Lukasz Gottwald
Max Martin
Benjamin Levin
Bonnie McKee","Dr. Luke
Benny Blanco
Max Martin"
"""Just the Way You Are""",Bruno Mars,"Pop
R&B",Elektra,"Bruno Mars
Philip Lawrence
Ari Levine
Khalil Walton
Khari Cain","The Smeezingtons, Needlz"
"""Cooler than Me""",Mike Posner,Synthpop,"J
RCA","Mike Posner
Eric Holljes
Craig Klepto Tucker",Gigamesh
"""Imma Be""",The Black Eyed Peas,Electro-hop,Interscope,"The Black Eyed Peas, Keith Harris, Thomas Brenneck, Michael Deller, Daniel Foder, Jared Tankel","will.i.am, Keith Harris"
"""Empire State of Mind""",Jay-Z,Hip hop,"Roc Nation
Atlantic","Angela Hunte
Alicia Keys
Alexander Shuckburgh
Burt Keyes
Jane't ""Jnay"" Sewell-Ulepic
Shawn Carter
Sylvia Robinson","Al Shux, Angela Hunte, Jane't Sewell-Ulepic"
"""DJ Got Us Fallin' in Love""",Usher,"EDM, Europop","LaFace, Jive","Max Martin, Shellback, Savan Kotecha, Pitbull","Max Martin, Shellback"
"""Billionaire""",Travie McCoy,Reggae fusion,Fueled By Ramen,"Travie McCoy, Bruno Mars, Ari Levine, Philip Lawrence",The Smeezingtons
"""Not Afraid""",Eminem,"Pop
conscious hip hop","Aftermath
Shady
Interscope","Marshall Mathers
Luis Resto
Matthew Samuels
Jordan Evans
Matthew Burnett","Boi-1da
Jordan Evans (add.)
Matthew Burnett (add.)
Eminem (add.)"
"""Replay""",Iyaz,"Electro-R&B, reggae fusion","T.I.M.E., Beluga Heights, Reprise Records, Asylum, Warner Bros.","Sean Kingston, Theron Thomas, Timothy Thomas, Keidran Jones, Jonathan Rotem, Jason Derülo",J. R. Rotem
"""Sexy Bitch""",David Guetta,Electro-hop[1],"Virgin, EMI","Aliaune Thiam, David Guetta Jean-Claude Sindres and Sandy Vee.",David Guetta
"""Breakeven""",The Script,Pop rock,Sony Music,"Frampton, O'Donoghue, Sheehan, Kipner","Frampton, Kipner"
"""Your Love Is My Drug""",Kesha,"Electropop
dance-pop",RCA,"Kesha Sebert
Pebe Sebert
Joshua Coleman","Dr. Luke
Benny Blanco
Ammo"
"""I Gotta Feeling""",The Black Eyed Peas,Hip house[1],Interscope,"The Black Eyed Peas, David Guetta, Frédéric Riesterer","David Guetta, Frédéric Riesterer"
"""Fireflies""",Owl City,Synthpop[1],Universal Republic,Adam Young,"Adam Young
Matthew Thiessen[2]"
"""Say Aah""",Trey Songz,"R&B, pop, hip hop","Atlantic, Songbook","Tremaine ""Trey Songz"" Neverson, John ""Fabolous"" Jackson, Nate Walka, Ronald M. Ferebee, Jr., Don Corell, Tony ""Chef Tone"" Scales","Don Corell, Young Yonny and Troy Taylor"
"""Find Your Love""",Drake,"Synthpop, R&B, pop","Young Money
Cash Money
Aspire
Motown","Aubrey Graham, Kanye West, Jeff Bhasker, Patrick Reynolds","Kanye West, Jeff Bhasker, No I.D."
"""Alejandro""",Lady Gaga,Synthpop,"Streamline
Kon Live
Cherrytree
Interscope","Stefani Germanotta
Nadir Khayat[2]","RedOne
Lady Gaga[1]"
"""Ridin' Solo""",Jason Derulo,,"Warner Bros. (US)
WEA International Inc. (outside US)","Jason Derulo
Jonathan Rotem
Xavier Thomas",J.R. Rotem
"""Just a Dream""",Nelly,"Hip hop, R&B","Universal Motown, Derrty Ent.","Cornell Haynes, Jr., James Scheffer, Richard Butler, Jr., Frank Romano","Jim Jonsin, Rico Love"
"""How Low""",Ludacris,Hip hop,"DTP, Def Jam","Christopher Bridges, Tyler Williams, Carlton Ridenhour, Eric Sadler, Hank Shocklee",T-Minus
"""Like a G6""",Far East Movement,"Hip house, dance-pop",Cherrytree,"Jae Choung, Virman Coquia, Kevin Nishimura, James Roh, Niles Holowell-Dhar, David Singer-Vine, Devin Star Tailes",The Cataracs
"""Carry Out""",Timbaland,,"Mosley
Blackground
Interscope","Timothy Mosley
Jerome Harmon
Justin Timberlake
Timothy Clayton
Jim Beanz","Timbaland
Jerome ""J-Roc"" Harmon
Jim Beanz"
"""Haven't Met You Yet""",Michael Bublé,"Pop
jazz
easy listening","143
Reprise","Michael Bublé
Alan Chang
Amy Foster-Gilles","Bob Rock
Martin Asp"
"""Club Can't Handle Me""",Flo Rida,Hip house,Atlantic,"Tramar Dillard, Carmen Key, Kasia Livingston, Mike Caren, David Guetta, Frédéric Riesterer, Giorgio Tuinfort","David Guetta, Frédéric Riesterer"
"""Down""",Jay Sean,"R&B, dance-pop, electropop","Jayded, 2Point9, Cash Money, Universal Republic","Kamaljit Jhooti, Dwayne Carter, Jared Cotter, J-Remy, Bobby Bass, Jonathan Perkins",J-Remy & Bobby Bass
"""Bulletproof""",La Roux,"Synthpop
bitpop",Polydor,"Elly Jackson
Ben Langmaid","Elly Jackson
Ben Langmaid"
"""Whatcha Say""",Jason Derulo,"Pop
R&B","Beluga Heights
Asylum
Warner Bros.","Jason Desrouleaux
Kisean Anderson
Achraf Baachaoui
J-Lex
Leff Row
Jonathan Rotem
Imogen Heap","J.R. Rotem
Fuego"
"""Baby""",Justin Bieber,Synth pop,"Island
RBMG","Justin Bieber
Christopher ""Tricky"" Stewart
Terius ""The-Dream"" Nash
Christopher Bridges
Christina Milian","Tricky Stewart
The-Dream"
"""Whataya Want from Me""",Adam Lambert,Pop rock,"19
RCA","Pink
Max Martin
Shellback","Max Martin
Shellback"
"""Mine""",Taylor Swift,Country pop,Big Machine,Taylor Swift,"Nathan Chapman
Taylor Swift"
"""Only Girl (In the World)""",Rihanna,Europop,"Def Jam
SRP","Crystal Johnson
Mikkel S. Eriksen
Tor Erik Hermansen
Sandy Wilhelm","Stargate
Sandy Vee
Kuk Harrell"
"""Live Like We're Dying""",Kris Allen,Pop rock,Jive,"Danny O'Donoghue
Mark Sheehan
Andrew Frampton
Steve Kipner","Andrew Frampton
Steve Kipner"
"""Hard""",Rihanna,Hip hop,"Def Jam
SRP","Terius Nash
Christopher Stewart
Robyn Fenty
Jay Jenkins","Tricky Stewart
The-Dream"
"""Young Forever""",Jay-Z,Alternative hip hop,Roc Nation,"Shawn ""Jay-Z"" Carter
Bernhard Lloyd
Marian Gold
Frank Mertens",Kanye West
"""Blah Blah Blah""",Kesha,Electropop,RCA,"Kesha Sebert, Benjamin Levin, Neon Hitch, Sean Foreman",Benny Blanco
"""Bottoms Up""",Trey Songz,"Hip hop
R&B","Songbook
Atlantic","Tremaine Neverson
Onika Maraj
Edrick Miles
Chef Tone
Daniel Johnson
R. Kelly",Kane Beatz
"""Do You Remember""",Jay Sean,"Pop, R&B, dance-pop","Jayded, 2Point9, Cash Money, Universal Republic","Kamaljit Singh Jhooti, Sean Paul Henriques, Jonathan Smith, Jared Cotter, Frankie Storm, J-Remy, Bobby Bass, Jonathan Perkins",J-Remy & Bobby Bass
"""All the Right Moves""",OneRepublic,"Pop rock,[1] classical rock","Mosley, Interscope",Ryan Tedder,"Ryan Tedder, Andy Prickett, Brent Kutzle"
"""According to You""",Orianthi,"Pop rock, Pop punk",Geffen,"Steve Diamond, Andrew Frampton",Howard Benson
"""My Chick Bad""",Ludacris,Hip hop,"DTP, Def Jam","Christopher Bridges, Onika Maraj, Samuel Lindley, Derrelle Davidson",The Legendary Traxster
"""You Belong with Me""",Taylor Swift,"Country pop
country rock","Big Machine
Universal Republic[2]","Taylor Swift
Liz Rose","Taylor Swift
Nathan Chapman"
"""Meet Me Halfway""",The Black Eyed Peas,Electro[1],Interscope,"The Black Eyed Peas, Keith Harris, Jean Baptiste, Sylvia Gordon","Keith Harris, will.i.am"
"""Take It Off""",Kesha,Dance-pop,RCA,"Kesha Sebert, Lukasz Gottwald, Claude Kelly",Dr. Luke
"""Over""",Drake,Pop-rap[1],"Aspire
Young Money
Cash Money
Motown","Aubrey Graham, Matthew Samuels, Nick Brongers, Noah ""40"" Shebib","Boi-1da, Al Khaaliq"
"""Animal""",Neon Trees,"Alternative rock
new wave
dance-rock",Mercury Records,,
"""Misery""",Maroon 5,"Pop rock
funk rock",A&M/Octone,"Adam Levine
Jesse Carmichael
Sam Farrar","Robert John ""Mutt"" Lange"
"""Magic""",B.o.B,"Alternative hip hop, synthpop, synth rock","Grand Hustle, Rebel Rock, Atlantic","Bobby Simmons, Rivers Cuomo",Dr. Luke
"""Paparazzi""",Lady Gaga,Dance-pop,"Streamline
Kon Live
Cherrytree
Interscope","Stefani Germanotta
Rob Fusari","Rob Fusari
Lady Gaga"
"""Tie Me Down""",New Boyz,"Pop Rap, Hyphy","Shotty, Asylum, Warner Bros.","Dominic Thomas, Earl Benjamin, Jason Wilkinson",Jay-Nari
"""Your Love""",Nicki Minaj,Pop-rap[1],"Young Money
Cash Money
Universal Motown","Onika Maraj
David Freeman
Joseph Hughes
Andrew Wansel","Oak
Pop Wansel"
"""Party in the U.S.A.""",Miley Cyrus,Country pop,Hollywood,"Jessica Cornish
Lukasz Gottwald
Claude Kelly",Dr. Luke
"""Deuces""",Chris Brown,R&B,Jive,"Chris Brown
Michael Stevenson
Kevin McCall","Kevin ""K-MAC"" McCall"
"""3""",Britney Spears,Electropop,Jive,"Max Martin
Shellback
Tiffany Amber","Max Martin
Shellback"
"""Impossible""",Shontelle,"R&B, pop","SRC, Motown","Arnthor Birgisson, Ina Wroldsen",Arnthor Birgisson
"""Forever""",Drake,Pop-rap[1],"Zone 4, Interscope
Shady, Aftermath","Aubrey Graham, Kanye West, Dwayne Carter, Marshall Mathers, Matthew Samuels",Boi-1da
"""Two Is Better Than One""",Boys Like Girls,"Pop rock, soft rock",Sony Music,Martin Johnson,Brian Howes
"""My First Kiss""",3OH!3,"Dance-pop
electropop
pop rap",Photo Finish,"Lukasz Gottwald, Sean Foreman, Nathaniel Motte, Benny Blanco","Dr. Luke, Benny Blanco"
"""Already Gone""",Kelly Clarkson,Pop,RCA,"Kelly Clarkson
Ryan Tedder",Tedder
"""Rock That Body""",The Black Eyed Peas,,Interscope,"Adam Walder, Allan Pineda, David Guetta, James Brown, Jaime Gomez, Jamie Munson, Jean Baptiste, Mark Knight, Robert Ginyard, Rodney Bryce, Stacy Ferguson, Teddy Riley, William Adams","David Guetta, will.i.am, Mark Knight, Funkagenda"
"""Secrets""",OneRepublic,cello rock,"Mosley, Interscope",Ryan Tedder,"Ryan Tedder, Andy Prickett"
"""Naturally""",Selena Gomez & the Scene,"Electropop
dance-pop",Hollywood,"Antonina Armato
Tim James
Devrim Karaoglu",Rock Mafia
"""Un-Thinkable (I'm Ready)""",Alicia Keys,"R&B, quiet storm, soul, downtempo",J,"Alicia Keys, Aubrey Graham, Kerry Brothers, Jr., Noah ""40"" Shebib","Noah ""40"" Shebib"
"""All I Do Is Win""",DJ Khaled,Hip hop,"We the Best, Terror Squad, E1","Christopher Bridges, Calvin Broadus, Johnny Mollings, Lenny Mollings, William Roberts[2]",DJ Nasty & LVM
"""I Made It (Cash Money Heroes)""",Kevin Rudolf,"Hip hop, rap rock, pop","Cash Money, Universal Republic","K. Rudolf, K. Jhooti, B. Williams, D. Carter, J. Skaller",Kevin Rudolf
"""Stuck Like Glue""",Sugarland,"Country, country pop",Mercury Nashville,"Jennifer Nettles
Kristian Bush
Kevin Griffin
Shy Carter","Kristian Bush
Jennifer Nettles
Byron Gallimore[1]"
"""Hey Daddy (Daddy's Home)""",Usher,"R&B, hip hop",LaFace,"Rico Love, The Runners, Usher, Algernod Washington","The Runners, Rico Love"
"""There Goes My Baby""",Usher,R&B,LaFace,"Rico Love
James Scheffer
Frank Romano
Danny Morris","Jim Jonsin
Rico Love"
"""Today Was a Fairytale""",Taylor Swift,Country pop,Big Machine,Taylor Swift,"Nathan Chapman
Taylor Swift"
"""Say Something""",Timbaland,"Elecrto hop, R&B","Mosley, Blackground, Interscope","Timothy Mosley, Jerome Harmon, Aubrey Graham, Tim Clayton, John Maultsby","Timbaland, J-Roc"
"""Sweet Dreams""",Beyoncé,"Electropop
dance-pop",Columbia,"Beyoncé Knowles
James Scheffer
Wayne Wilkins
Rico Love","James Scheffer
Wayne Wilkins
Rico Love
Beyoncé Knowles"
"""Use Somebody""",Kings of Leon,Alternative rock,"RCA, Sony",Kings of Leon,"Jacquire King, Angelo Petraglia"
"""Undo It""",Carrie Underwood,Country pop,Arista Nashville,"Kara DioGuardi
Marti Frederiksen
Luke Laird
Carrie Underwood",Mark Bright
"""Eenie Meenie""",Sean Kingston,"R&B, dance-pop, reggae fusion","Beluga Heights, Epic","Kisean Anderson, Justin Bieber, Carlos Battey, Steven Battey, Benjamin Levin, Marcos Palacios, Ernest Clark",Benny Blanco
"""Right Above It""",Lil Wayne,Hip hop,"Young Money, Cash Money, Universal Motown","Dwayne Carter, Aubrey Graham, Daniel Johnson, Andrew Canton",Kane Beatz
"""The House That Built Me""",Miranda Lambert,Country,Columbia Nashville,"Tom Douglas
Allen Shamblin","Frank Liddell
Mike Wrucke"
"""If I Die Young""",The Band Perry,Country pop,Republic Nashville,Kimberly Perry,"Nathan Chapman
Paul Worley"
"""The Only Exception""",Paramore,"Soft rock[1]
folk rock[2]",Fueled by Ramen,"Hayley Williams
Josh Farro",Rob Cavallo
"""American Honey""",Lady Antebellum,Country,Capitol Nashville,"Cary Barlowe
Hillary Lindsey
Shane Stevens","Lady Antebellum
Paul Worley"
"""King of Anything""",Sara Bareilles,Pop rock,Epic,Sara Bareilles,Neal Avron
"""Life After You""",Daughtry,Pop rock,RCA,"Chris Daughtry, Chad Kroeger, Joey Moi, Brett James",Howard Benson
"""Smile""",Uncle Kracker,"Country, country pop",Atlantic,"Matthew Shafer
Blair Daly
John T. Harding
Jeremy Bose",Rob Cavallo
"""Teach Me How to Dougie""",Cali Swag District,"Pop rap, dance-rap",Capitol,"Yung, JayAre, Smoove Da General, Runway Star[2]",RunWay Star[3]
"""Try Sleeping with a Broken Heart""",Alicia Keys,R&B,J,"Jeff Bhasker, Alicia Keys, Patrick ""Plan Pat"" Reynolds","Jeff Bhasker, Alicia Keys[1]"
"""You Don't Treat Me No Good""",Sonia Dada,Soul,"Festival
Chameleon",Dan Pritzker,"Daniel Laszlo
Dan Pritzker"
"""Rolling in the Deep""",Adele,"Pop
soul
blues",XL,"Adele Adkins
Paul Epworth",Paul Epworth
"""Party Rock Anthem""",LMFAO,"Hip house, electro house","will.i.am, Cherrytree, Interscope, Panther","Stefan Gordy, Skyler Gordy, Jamahl Listenbee, Peter Schroeder","Redfoo, GoonRock"
"""Firework""",Katy Perry,"Dance-pop
dance-rock",Capitol,"Katy Perry
Mikkel S. Eriksen
Tor Erik Hermansen
Sandy Wilhelm
Ester Dean","StarGate
Sandy Vee"
"""E.T.""",Katy Perry,"Electronic
hip hop",Capitol,"Katy Perry
Lukasz Gottwald
Max Martin
Joshua Coleman
Kanye West","Dr. Luke
Ammo
Max Martin"
"""Give Me Everything""",Pitbull,"Hip house
electro house
dance-pop","Polo Grounds
J
Mr. 305","Armando Pérez
Nick van de Wall
Shaffer Smith",Afrojack
"""Grenade""",Bruno Mars,"Pop
R&B",Elektra,"Bruno Mars
Philip Lawrence
Ari Levine
Brody Brown
Claude Kelly
Andrew Wyatt",The Smeezingtons
"""F**k You!""",CeeLo Green,"Soul
pop
R&B",Elektra,"Bruno Mars
CeeLo Green
Philip Lawrence
Brody Brown
Ari Levine",The Smeezingtons
"""Super Bass""",Nicki Minaj,Pop-rap[1],"Young Money
Cash Money
Universal Motown","Onika Maraj
Daniel Johnson
Ester Dean
Roahn Hylton",Kane Beatz
"""Moves like Jagger""",Maroon 5,"Dance-pop
electropop",A&M/Octone,"Adam Levine
Benny Blanco
Ammar Malik
Shellback","Shellback
Benny Blanco"
"""Just Can't Get Enough""",The Black Eyed Peas,"Electropop, Electro Hop",Interscope,"The Black Eyed Peas, Joshua Alvarez, Stephen Shadowen, Rodney Jerkins, Julie Frost","will.i.am, DJ Ammo, Rodney ""Darkchild"" Jerkins, Tommy Brown"
"""On the Floor""",Jennifer Lopez,Dance[1],Island,"RedOne
Kinda Hamid
AJ Junior
Teddy Sky
Bilal ""The Chef""
Armando Perez
Gonzalo Hermosa
Ulises Hermosa","RedOne
Kuk Harrell"
"""S&M""",Rihanna,Hi-NRG-Eurodance,"Def Jam
SRP","Mikkel S. Eriksen
Tor Erik Hermansen
Sandy Wilhelm
Ester Dean","Stargate
Sandy Vee
Kuk Harrell
Veronika Bozeman"
"""Pumped Up Kicks""",Foster the People,"Indie pop
neo-psychedelia
alternative rock","Columbia
Startime",Mark Foster,Mark Foster
"""Last Friday Night (T.G.I.F.)""",Katy Perry,Dance-pop,Capitol,"Katy Perry
Lukasz Gottwald
Max Martin
Bonnie McKee","Dr. Luke
Max Martin"
"""Just the Way You Are""",Bruno Mars,"Pop
R&B",Elektra,"Bruno Mars
Philip Lawrence
Ari Levine
Khalil Walton
Khari Cain","The Smeezingtons, Needlz"
"""Tonight (I'm Fuckin' You)""",Enrique Iglesias,,"Universal Republic, Universal Music Latino","Enrique Iglesias, Lauren Christy, Christopher Bridges",DJ Frank E
"""Raise Your Glass""",Pink,Dance-rock,"LaFace, JIVE, RCA","Pink, Max Martin, Shellback","Max Martin, Shellback"
"""Born This Way""",Lady Gaga,Disco,"Streamline
Kon Live
Interscope","Stefani Germanotta
Jeppe Laursen","Lady Gaga
Fernando Garibay
Jeppe Laursen
DJ White Shadow[1]"
"""Fuckin' Perfect""",Pink,Pop rock[1],"LaFace
JIVE
RCA","Pink
Max Martin
Shellback","Max Martin
Shellback"
"""What's My Name?""",Rihanna,Electro-R&B,"Def Jam
SRP","Mikkel S. Eriksen
Tor Erik Hermansen
Ester Dean
Traci Hale
Aubrey Graham","StarGate
Kuk Harrell"
"""Look at Me Now""",Chris Brown,"Hip hop, dirty south",Jive,"Chris Brown
Thomas Wesley Pentz
Jean Baptiste
Ryan Buendia
Dwayne Carter
Trevor Smith
Nick van de Wall","Diplo
Afrojack
Free School"
"""Down on Me""",Jeremih,"R&B, Hip-Hop",Def Jam,"Mick Schultz, Jeremih, Curtis Jackson",Mick Schultz
"""How to Love""",Lil Wayne,"Pop, R&B","Young Money, Cash Money, Universal Republic","Dwayne Carter, Jr., Noel Fisher, LaMar Seymour, LaNelle Seymour, Jermaine Preyan, Marcus Boyd, Bryan Williams","Drum Up, Noel ""Detail"" Fisher"
"""Someone Like You""",Adele,"Soul
pop",XL,"Adele
Dan Wilson","Adele
Dan Wilson"
"""Good Life""",OneRepublic,Pop rock,"Mosley, Interscope","Ryan Tedder, Brent Kutzle, Noel Zancanella, Eddie Fisher","Tedder, Kutzle, Zancanella"
"""The Lazy Song""",Bruno Mars,"Reggae[1]
reggae pop[2]
ska[3]","Atlantic
Elektra","Bruno Mars
Philip Lawrence
Ari Levine
K'naan",The Smeezingtons
"""Till the World Ends""",Britney Spears,"Dance-pop
electropop",Jive,"Lukasz Gottwald
Alexander Kronlund
Max Martin
Kesha Sebert","Dr. Luke
Max Martin
Billboard
Emily Wright"
"""The Show Goes On""",Lupe Fiasco,Hip hop,1st & 15th / Atlantic,"Jaco, Isaac Brock, N. Naanai, Jonathon Brown, Dann Gallucci, Daniel Johnson, Eric Judy",Kane Beatz
"""The Edge of Glory""",Lady Gaga,"Pop
electro rock","Streamline
Kon Live
Interscope","Stefani Germanotta
Fernando Garibay
Paul Blair","Lady Gaga
Fernando Garibay"
"""We R Who We R""",Kesha,Dance-pop,RCA,"Kesha Sebert
Joshua Coleman
Lukasz Gottwald
Jacob Kasher Hindlin
Benjamin Levin","Dr. Luke
Benny Blanco
Ammo"
"""Black and Yellow""",Wiz Khalifa,Pop rap,"Rostrum
Atlantic","Cameron Thomaz
Mikkel S. Eriksen
Tor Erik Hermansen",Stargate
"""Tonight Tonight""",Hot Chelle Rae,"Pop, pop rock",Jive Records,,Emanuel Kiriakou
"""Blow""",Kesha,"Electropop
dance-pop",RCA,"Kesha Sebert, Klas Åhlund, Lukasz Gottwald, Allan Grigg, Benjamin Levin, Max Martin","Dr. Luke, Max Martin, Benny Blanco, Kool Kojak"
"""Lighters""",Bad Meets Evil,Alternative hip hop,"Shady, Interscope","Marshall Mathers, Ryan Montgomery, Bruno Mars, Philip Lawrence, Ari Levine, Roy Battle","Eminem, The Smeezingtons, Battle Roy"
"""If I Die Young""",The Band Perry,Country pop,Republic Nashville,Kimberly Perry,"Nathan Chapman
Paul Worley"
"""Stereo Hearts""",Gym Class Heroes,Alternative hip hop,"Decaydance
Fueled by Ramen","Travie McCoy
Adam Levine
Benjamin Levin
Sterling Fox
Ammar Malik
Dan Omelio[1]","Benny Blanco
Robopop"
"""The Time (Dirty Bit)""",The Black Eyed Peas,,Interscope,"will.i.am
apl.de.ap
Damien LeRoy
Franke Previte
John DeNicola
Donald Markowitz","will.i.am
DJ Ammo"
"""Coming Home""",Diddy,"Hip hop
pop",Bad Boy,"Sean Combs
Shawn Carter
Jermaine Cole
Alexander Grant
Holly Hafferman","Alex da Kid
Jay-Z (co-producer)"
"""Hey Baby (Drop It to the Floor)""",Pitbull,"Hip house, electro house","Polo Grounds, J, Mr. 305","Armando C. Pérez, Faheem Najm, Sandy Wilhelm",Sandy Vee
"""Only Girl (In the World)""",Rihanna,Europop,"Def Jam
SRP","Crystal Johnson
Mikkel S. Eriksen
Tor Erik Hermansen
Sandy Wilhelm","Stargate
Sandy Vee
Kuk Harrell"
"""6 Foot 7 Foot""",Lil Wayne,"Rap, southern hip hop","Young Money, Cash Money, Universal Motown","Dwayne Carter, Jr., Peter Panky, Jr.",Bangladesh
"""Just a Kiss""",Lady Antebellum,"Country
country pop",Capitol Nashville,"Hillary Scott
Charles Kelley
Dave Haywood
Dallas Davidson","Paul Worley
Lady Antebellum"
"""Dirt Road Anthem""",Jason Aldean,"Bro-country[1]
country rap",Broken Bow,"Brantley Gilbert
Colt Ford",Michael Knox
"""Dynamite""",Taio Cruz,"Dance-pop
electropop",Island,"Taio Cruz
Dr. Luke
Max Martin
Benny Blanco
Bonnie McKee","Dr. Luke
Benny Blanco"
"""No Hands""",Waka Flocka Flame,Southern hip hop,"1017 Brick Squad, Warner Bros., Asylum","Juaquin Malphurs, Jeffery Johnson Jr., N. Cobey, Olubowale Victor Folarin",Drumma Boy
"""I Wanna Go""",Britney Spears,"Dance-pop
Hi-NRG",Jive,"Max Martin
Savan Kotecha
Shellback","Max Martin
Shellback"
"""I'm on One""",DJ Khaled,Hip hop,"We the Best, Terror Squad, Cash Money, Universal Motown","Aubrey Graham, William Roberts, Dwayne Carter, Jr., N. Cobey, Khaled Khaled, Tyler Williams, Nikhil Seetharam, Noah Shebib","T-Minus, Noah ""40"" Shebib, Kromatik"
"""You Make Me Feel...""",Cobra Starship,"Dance-pop
electropop","Fueled by Ramen
Decaydance
Warner Bros.","Steve Mac
Ina Wroldsen",Mac
"""Yeah 3x""",Chris Brown,"Dance-pop
europop
electro house",Jive,"Chris Brown
Justin Franks
Kevin McCall
Amber Streeter
Adam Richard Wiles",DJ Frank E
"""Moment 4 Life""",Nicki Minaj,R&B,"Young Money, Cash Money, Universal Motown","Onika Maraj, Aubrey Graham, Nikhil Seetharam, Tyler Williams",T-Minus
"""I Need a Doctor""",Dr. Dre,Hip hop,"Aftermath
Interscope","Andre Young
Marshall Mathers
Holly Hafermann
Alex Grant",Alex da Kid
"""Just a Dream""",Nelly,"Hip hop, R&B","Universal Motown, Derrty Ent.","Cornell Haynes, Jr., James Scheffer, Richard Butler, Jr., Frank Romano","Jim Jonsin, Rico Love"
"""Motivation""",Kelly Rowland,"R&B
electronic",Universal Motown,"Dwayne Carter
James Scheffer
Danny Morris
Rico Love","Jim Jonsin
Rico Love"
"""Stereo Love""",Edward Maya,Dance,"Cat Music, Play on, Sony-BMG
Ultra (U.S.), Spinnin' Records (Netherlands)","Ilie Alexandru, Eldar Mansurov[1][2]","Ilie Eduard Marian, Victoria Corneva"
"""Jar of Hearts""",Christina Perri,pop[2],Atlantic,Christina Perri,Barrett Yeretsian[3]
"""Roll Up""",Wiz Khalifa,,"Rostrum, Atlantic","Cameron Thomaz, Mikkel S. Eriksen, Tor Erik Hermansen",Stargate
"""Sexy and I Know It""",LMFAO,Electro house[1],Interscope,"Stefan Kendal Gordy, Jamahl Listenbee, Erin Beck, George M. Robertson, Kenneth Oliver","Audiobot, Redfoo, GoonRock"
"""Rocketeer""",Far East Movement,Pop Rap,Cherrytree,"Ryan Tedder, Jae Choung, James Roh, Kevin Nishimura, Virman Coquia, Jonathan Yip, Jeremy Reeves, Ray Romulus, Philip Lawrence","The Stereotypes, The Smeezingtons"
"""All of the Lights""",'NoneType' object has no attribute 'next_siblings',Hip hop,"Roc-A-Fella
Def Jam","Kanye West
Jeff Bhasker
Malik Jones
Warren Trotter","Kanye West
Jeff Bhasker (co.)"
"""Hold It Against Me""",Britney Spears,Dance-pop,Jive,"Max Martin
Dr. Luke
Billboard
Bonnie McKee","Dr. Luke
Max Martin
Billboard"
"""More""",Usher,Hi-NRG[1] (RedOne Jimmy Joker mix),"LaFace
Jive","Bilal Hajji
Nadir Khayat
Charles Hinshaw Jr.
Usher Raymond",RedOne
"""What the Hell""",Avril Lavigne,"Pop punk
bubblegum pop
synthpop",RCA,"Avril Lavigne
Max Martin
Shellback","Max Martin
Shellback"
"""Written in the Stars""",Tinie Tempah,"British hip hop
rap rock
power pop[1]","Parlophone
Disturbing London","Eshraque Mughal
Patrick Okogwu
Eric Turner
Charlie Bernardo",iSHi
"""Bottoms Up""",Trey Songz,"Hip hop
R&B","Songbook
Atlantic","Tremaine Neverson
Onika Maraj
Edrick Miles
Chef Tone
Daniel Johnson
R. Kelly",Kane Beatz
"""DJ Got Us Fallin' in Love""",Usher,"EDM, Europop","LaFace, Jive","Max Martin, Shellback, Savan Kotecha, Pitbull","Max Martin, Shellback"
"""For the First Time""",The Script,Pop rock,"Epic, Phonogenic","Danny O'Donoghue, Mark Sheehan","Danny O'Donoghue, Mark Sheehan, Andrew Frampton"
"""Honey Bee""",Blake Shelton,Country,Reprise Nashville,"Rhett Akins
Ben Hayslip",Scott Hendricks
"""Don't You Wanna Stay""",Jason Aldean,Country pop,"Broken Bow
RCA","Andy Gibson
Paul Jenkins
Jason Sellers",Michael Knox
"""We Found Love""",Rihanna,Electro house,"Def Jam
SRP",Calvin Harris,Calvin Harris
"""Pretty Girl Rock""",Keri Hilson,"R&B
pop",Interscope,"Bill Withers
Ralph MacDonald
William Salter
Shaffer Smith
Charles Harmon",Chuck Harmony
"""You and I""",Lady Gaga,Pop rock,"Streamline
Kon Live
Interscope",Stefani Germanotta[1],"Lady Gaga
Robert John ""Mutt"" Lange"
"""Like a G6""",Far East Movement,"Hip house, dance-pop",Cherrytree,"Jae Choung, Virman Coquia, Kevin Nishimura, James Roh, Niles Holowell-Dhar, David Singer-Vine, Devin Star Tailes",The Cataracs
"""Without You""",David Guetta,,"Astralwerks
Virgin
Capitol","Tom Evans
Pete Ham
Taio Cruz
Usher Raymond IV
Rico Love
David Guetta
Giorgio Tuinfort
Frédéric Riesterer","David Guetta
Giorgio Tuinfort
Frédéric Riesterer
Black Raw"
"""Back to December""",Taylor Swift,Country pop,Big Machine,Taylor Swift,"Nathan Chapman
Taylor Swift"
"""Teenage Dream""",Katy Perry,"Electropop
power pop",Capitol,"Katy Perry
Lukasz Gottwald
Max Martin
Benjamin Levin
Bonnie McKee","Dr. Luke
Benny Blanco
Max Martin"
"""Crazy Girl""",Eli Young Band,Country,Republic Nashville,"Liz Rose
Lee Brice","Frank Liddell
Mike Wrucke"
"""Cheers (Drink to That)""",Rihanna,Pop rock,"Def Jam
SRP","Andrew Harr
Jermaine Jackson
Stacy Barthe
LP
Corey Gibson
Chris Ivery
Avril Lavigne
Lauren Christy
Scott Spock
Graham Edwards","The Runners
Makeba Riddick"
"""Who Says""",Selena Gomez & the Scene,Pop,Hollywood,"Emanuel Kiriakou
Priscilla Hamilton",Emanuel Kiriakou
"""Barefoot Blue Jean Night""",Jake Owen,Bro-country,RCA Nashville,"Eric Paslay
Dylan Altman
Terry Sawchuk","Joey Moi
Rodney Clawson[1]"
"""Knee Deep""",Zac Brown Band,Country,"Atlantic
Bigger Picture Music Group
Southern Ground","Zac Brown
Wyatt Durrette
Coy Bowles
Jeffrey Steele",Keith Stegall
"""Country Girl (Shake It for Me)""",Luke Bryan,Bro-country,Capitol Nashville,"Luke Bryan
Dallas Davidson","Jeff Stevens
Mark Bright"
"""Remind Me""",Brad Paisley,Country,Arista Nashville,"Brad Paisley
Chris DuBois
Kelley Lovelace",Frank Rogers
"""In the Dark""",Dev,Dance-pop,Universal Republic,"Devin Tailes, Niles Hollowell-Dhar, David Singer-Vine",The Cataracs
"""Backseat""",New Boyz,"Hip hop, synthpop","Shotty, Asylum, Warner Bros.","Dominic Thomas, Earl Benjamin, Niles Hollowell Dhar, David Singer Vine, Devin Tailes",The Cataracs
"""Headlines""",Drake,"Hip hop, R&B","Aspire
Young Money
Cash Money
Republic","Aubrey Graham, Anthony Palman, Matthew Samuels, Noah Shebib","Boi-1da, Noah ""40"" Shebib"
"""Best Thing I Never Had""",Beyoncé,"Pop
R&B",Columbia,"Antonio Dixon
Kenneth ""Babyface"" Edmonds
Larry Griffin, Jr.
Beyoncé Knowles
Caleb McCampbell
Patrick ""J. Que"" Smith
Shea Taylor","Babyface
S1 & Caleb
Dixon
Knowles
Shea Taylor"
"""Don't Wanna Go Home""",Jason Derulo,"Electropop
dance-pop","Beluga Heights
Warner Bros.","Jason Desrouleaux
Chaz Mishan
David Delazyn
William Attaway
Irving Burgie
Allen George
Fred McFarlane","The Fliptones
Tim Roberts
Heather Jeanette"
"""Where Them Girls At""",David Guetta,"Hip house
electropop","EMI
Virgin","David Guetta
Tramar Dillard
Onika Maraj
Michael Caren
Jared Cotter
Juan Silinas
Oscar Silinas
Giorgio Tuinfort
Sandy Wilhelm","David Guetta
Sandy Vee"
"""She Ain't You""",Chris Brown,"R&B
pop",Jive,"Chris Brown
Jean Baptiste
Ryan Buendia
Kevin McCall
Jason Boyd
John Bettis
Steve Porcaro
Brian Morgan",Free School
"""Take a Back Road""",Rodney Atkins,Country,Curb,"Rhett Akins
Luke Laird",Ted Hewitt
"""Please Don't Go""",Mike Posner,"Synthpop
trance",J,"Benny Blanco
Mike Posner[3]","Benny Blanco
Mike Posner"
"""Sure Thing""",'NoneType' object has no attribute 'next_siblings',"R&B, neo soul",Jive,"Miguel Pimentel, Jawan Pimentel",Happy Perez
"""Price Tag""",Jessie J,"Conscious rap
reggae fusion","Lava
Island","Jessica Cornish
Lukasz Gottwald
Claude Kelly
Bobby Ray Simmons, Jr.",Dr. Luke
"""God Gave Me You""",Dave Barnes,CCM,Razor & Tie,Dave Barnes,"Dave Barnes, Ed Cash"
"""She Will""",Lil Wayne,"Hip hop, R&B","Young Money, Cash Money, Universal Republic","Dwayne Carter, Aubrey Graham, Tyler Williams",T-Minus
"""Are You Gonna Kiss Me or Not""",Thompson Square,Country,Stoney Creek,"Jim Collins
David Lee Murphy",New Voice Entertainment[1]
"""Animal""",Neon Trees,"Alternative rock
new wave
dance-rock",Mercury Records,,
"""You and Tequila""",Kenny Chesney,Country,BNA,"Matraca Berg
Deana Carter",Buddy Cannon
"""Colder Weather""",Zac Brown Band,Country,Atlantic/Southern Ground,"Zac Brown
Wyatt Durrette
Levi Lowrey
Coy Bowles","Zac Brown
Keith Stegall"
"""My Last""",Big Sean,"Hip hop
R&B","GOOD Music
Def Jam","Sean Anderson
Chris Brown
Dion Wilson
James Harris III
Terry Lewis",No I.D.
"""Somebody That I Used to Know""",Gotye,Indie pop,Eleven,Wally de Backer,Wally de Backer
"""Call Me Maybe""",Carly Rae Jepsen,"Teen pop
dance-pop","604
Schoolboy
Interscope","Carly Rae Jepsen
Josh Ramsay
Tavish Crowe",Josh Ramsay
"""We Are Young""",Fun,Indie pop,"Fueled by Ramen
Nettwerk
Atlantic","Nate Ruess
Andrew Dost
Jack Antonoff
Jeffrey Bhasker[1]",Jeff Bhasker
"""Payphone""",Maroon 5,Pop,A&M/Octone,"Adam Levine
Benjamin Levin
Ammar Malik
Dan Omelio
Shellback
Cameron Thomaz","Benny Blanco
Shellback
Robopop (add.)"
"""Lights""",Ellie Goulding,"Synthpop
indie pop
indietronica",Polydor,"Ellie Goulding
Richard Stannard
Ash Howes","Richard ""Biff"" Stannard
Ash Howes"
"""Glad You Came""",The Wanted,Eurodance[1],"Island
Global Talent
Mercury","Steve Mac
Wayne Hector
Ed Drewett",Steve Mac
"""Stronger (What Doesn't Kill You)""",Kelly Clarkson,"Pop rock
dance-pop
electropop",RCA,"Jörgen Elofsson
David Gamson
Greg Kurstin
Ali Tamposi",Greg Kurstin
"""We Found Love""",Rihanna,Electro house,"Def Jam
SRP",Calvin Harris,Calvin Harris
"""Starships""",Nicki Minaj,"Europop
dance[1]","Young Money
Cash Money
Universal Republic","Onika Maraj
Nadir Khayat
Carl Falk
Rami Yacoub
Wayne Hector
Bilal Hajji","RedOne
Rami Yacoub
Carl Falk"
"""What Makes You Beautiful""",One Direction,"Teen pop
power pop[1]","Syco
Columbia","Rami Yacoub
Carl Falk
Savan Kotecha","Rami Yacoub
Carl Falk"
"""Wild Ones""",Flo Rida,"Dance-pop
hip house","Atlantic
Poe Boy","Flo Rida
soFLY & Nius
Sia Furler
Axwell
Jacob Luttrell
Marcus Cooper
Niklaas Vogel-Kern","soFLY & Nius
Axwell"
"""Set Fire to the Rain""",Adele,"Pop
soul","XL
Columbia","Adele Adkins
Fraser T Smith",Fraser T Smith
"""Sexy and I Know It""",LMFAO,Electro house[1],Interscope,"Stefan Kendal Gordy, Jamahl Listenbee, Erin Beck, George M. Robertson, Kenneth Oliver","Audiobot, Redfoo, GoonRock"
"""Some Nights""",Fun,"Indie pop
Afrobeat",Fueled by Ramen/Atlantic,"Jeff Bhasker, Nate Ruess, Andrew Dost and Jack Antonoff",Jeff Bhasker
"""Wide Awake""",Katy Perry,Dance-pop,Capitol,"Katy Perry
Lukasz Gottwald
Max Martin
Henry Walter
Bonnie McKee","Dr. Luke
Cirkut"
"""Good Feeling""",Flo Rida,"Hip house
dance-pop
electronic rock","Atlantic
Poe Boy","Arash Pournouri
Breyan Isaac
Etta James
Henry Walter
Leroy Kirkland
Lukasz Gottwald
Pearl Woods
Tim Bergling
Tramar Dillard","Dr. Luke
Cirkut"
"""Whistle""",Flo Rida,Pop-rap[1],"Poe Boy
Atlantic","Tramar Dillard
David Glass
Marcus Killian
Justin Franks
Breyan Isaac
Antonio Mobley","DJ Frank E
Glass"
"""One More Night""",Maroon 5,Pop,A&M/Octone,"Adam Levine
Shellback
Max Martin
Savan Kotecha","Shellback
Max Martin"
"""Drive By""",Train,Pop rock,"Columbia
Syco","Patrick Monahan
Espen Lind
Amund Bjørklund","Espionage
Butch Walker"
"""The Motto""",Drake,"Pop rap, hyphy","Aspire
Young Money
Cash Money
Republic","Shahid Reshi, Aubrey Graham, Dwayne Carter, N.Cobey, Tyler Williams, Salvatore Casto",T-Minus
"""Where Have You Been""",Rihanna,"Dance-pop
house","Def Jam
SRP","Ester Dean
Lukasz Gottwald
Calvin Harris
Henry Walter
Geoff Mack","Dr. Luke
Cirkut
Calvin Harris
Kuk Harrell"
"""Everybody Talks""",Neon Trees,"Pop rock, power pop","Mercury, Def Jam","Tyler Glenn, Tim Pagnotta",Justin Meldal-Johnsen
"""Take Care""",Drake,"Club[1]
R&B[2]","Aspire
Young Money
Cash Money
Republic","Aubrey Graham
Noah Shebib
Anthony Palman
Jamie Smith
Brook Benton","Jamie xx
40"
"""Titanium""",David Guetta,"House
pop
urban-dance","Virgin
Capitol US","Sia Furler
David Guetta
Giorgio Tuinfort
Nick Van De Wall","David Guetta
Giorgio Tuinfort
Afrojack"
"""I Won't Give Up""",Jason Mraz,"Folk rock, pop rock",Atlantic,"Jason Mraz, Michael Natter",Joe Chiccarelli
"""It Will Rain""",Bruno Mars,"Soft rock
R&B
soul","Chop Shop
Elektra","Bruno Mars, Philip Lawrence, Ari Levine",The Smeezingtons
"""Mercy""",Kanye West,Hip hop,"GOOD Music
Def Jam","Kanye West
Sean Anderson
Terrence Thornton
Tauheed Epps
Stephan Taft
Anthony ""The Twilite Tone"" Khan
James Thomas
Denzie Beagle
Winston Riley
Reggie Williams","Lifted
Mike Dean (add.)
Mike WiLL Made It (add.)
Kanye West (add.)
Hudson Mohawke (add.)
Anthony ""The Twilite Tone"" Khan (add.)"
"""Boyfriend""",Justin Bieber,R&B,"Island
RBMG
Schoolboy","Mike Posner
Mason Levy
Matthew Musto
Justin Bieber","Mike Posner
MdL
Kuk Harrell"
"""Party Rock Anthem""",LMFAO,"Hip house, electro house","will.i.am, Cherrytree, Interscope, Panther","Stefan Gordy, Skyler Gordy, Jamahl Listenbee, Peter Schroeder","Redfoo, GoonRock"
"""Too Close""",Alex Clare,"Dubstep
breakbeat
soul",Island,"Alex Clare
Jim Duguid","Diplo
Switch
Ariel Rechtshaid (co.)
Mike Spencer"
"""Part of Me""",Katy Perry,"Dance-pop
power pop",Capitol,"Katy Perry
Lukasz Gottwald
Max Martin
Bonnie McKee","Dr. Luke
Max Martin
Cirkut"
"""Young, Wild & Free""",Snoop Dogg,"Pop rap, alternative hip hop",Atlantic,"Calvin Broadus, Cameron Thomaz, Marlon Barrow, Max Bennett, Christopher Brody, Larry E. Carlton, John Guerin, Bruno Mars, Philip Lawrence, Ari Levine",The Smeezingtons
"""We Are Never Ever Getting Back Together""",Taylor Swift,"Bubblegum pop[1][2]
dance-pop[3]
pop rock[4]",Big Machine,"Taylor Swift
Max Martin
Shellback","Max Martin
Shellback"
"""As Long as You Love Me""",Justin Bieber,Dubstep,"Island, RBMG, Schoolboy","Andre Lindal, Justin Bieber, Nasri Atweh, Rodney Jerkins, Sean Anderson,","Darkchild, Andre Lindal, Nasri Atweh (The Messengers)"
"""Turn Me On""",David Guetta,EDM,"Astralwerks
Capitol","David Guetta
Onika Maraj
Giorgio Tuinfort
Ester Dean","Guetta
Tuinfort
Black Raw"
"""Moves like Jagger""",Maroon 5,"Dance-pop
electropop",A&M/Octone,"Adam Levine
Benny Blanco
Ammar Malik
Shellback","Shellback
Benny Blanco"
"""Blow Me (One Last Kiss)""",Pink,"Electropop
dance-rock
pop rock",RCA,"Alecia Moore
Greg Kurstin",Greg Kurstin
"""Good Time""",Owl City,"Dance-pop
synthpop","Universal Republic
School Boy
604
Interscope","Adam Young
Matthew Thiessen
Brian Lee",Adam Young
"""Give Your Heart a Break""",Demi Lovato,Pop,Hollywood,"Josh Alexander
Billy Steinberg","Josh Alexander
Billy Steinberg"
"""Niggas in Paris""",Jay-Z,Hip hop,"Roc-A-Fella
Roc Nation
Def Jam","Kanye West
Jay-Z
John Altschuler
Dave Krinsky
Jeff Cox
Craig Cox
Busy Philipps
Reverend W.A. Donaldson","Hit-Boy
Kanye West
Mike Dean
Anthony Kilhoffer"
"""The One That Got Away""",Katy Perry,Pop,Capitol,"Katy Perry
Lukasz Gottwald
Max Martin","Dr. Luke
Max Martin"
"""Feel So Close""",Calvin Harris,"Electro house
EDM
dance-pop","Deconstruction
Fly Eye
Columbia",Calvin Harris,Calvin Harris
"""Someone Like You""",Adele,"Soul
pop",XL,"Adele
Dan Wilson","Adele
Dan Wilson"
"""Scream""",Usher,"Synthpop
dance-pop",RCA,"Max Martin
Shellback
Savan Kotecha
Usher Raymond","Max Martin
Shellback"
"""Rack City""",Tyga,"West Coast hip hop
hyphy","Young Money
Cash Money
Republic","Michael Stevenson
Dijon McFarlane",DJ Mustard
"""Domino""",Jessie J,"Electropop
dance-pop","Lava
Universal Republic","Claude Kelly
Henry Walter
Jessica Cornish
Lukasz Gottwald
Max Martin","Dr. Luke
Cirkut"
"""Gangnam Style""",Psy,"K-pop[1][2]
dance-pop[3][4]","YG
Universal Republic
School Boy","Park Jae-Sang
Yoo Gun-hyung[5]","Park Jae-Sang
Yoo Gun-hyung
Yang Hyun-suk[6]"
"""International Love""",Pitbull,Dance-pop,"Polo Grounds, J, Mr. 305","Armando C. Perez, Carsten Shack, Peter Biker, Sean Hurley, Claude Kelly","Soulshock & Biker, Sean Hurley"
"""Home""",Phillip Phillips,Folk rock[3],Interscope,"Greg Holden
Drew Pearson",Drew Pearson
"""Without You""",David Guetta,,"Astralwerks
Virgin
Capitol","Tom Evans
Pete Ham
Taio Cruz
Usher Raymond IV
Rico Love
David Guetta
Giorgio Tuinfort
Frédéric Riesterer","David Guetta
Giorgio Tuinfort
Frédéric Riesterer
Black Raw"
"""Ass Back Home""",Gym Class Heroes,Pop rap,Fueled by Ramen,"Travie McCoy, Disashi Lumumba-Kasongo, Eric Roberts, Matt McGinley, Benjamin Levin, Ammar Malik, Daniel Omelio, David Silberstein[1]","Benny Blanco, Robopop[2]"
"""Wanted""",Hunter Hayes,"Country
country pop",Atlantic,"Hunter Hayes
Troy Verges","Dann Huff
Hunter Hayes"
"""Drunk on You""",Luke Bryan,Bro-country,Capitol Nashville,"Rodney Clawson
Chris Tompkins
Josh Kear","Jeff Stevens
Mark Bright"
"""No Lie""",2 Chainz,"Hip hop, southern hip hop",Def Jam,"Tauheed Epps, Aubrey Graham, Michael Williams, Marquel Middlebrooks","Mike WiLL Made It, Marz"
"""Want U Back""",Cher Lloyd,"Dance-pop
bubblegum pop
synthpop","Syco Music
Sony
Epic Records","Shellback
Savan Kotecha",Shellback
"""Don't Wake Me Up""",Chris Brown,EDM,RCA,"Alain Whyte
Allessandro Benassi
Brian Kennedy
Chris Brown
Jean-Baptiste
Marco Benassi
Michael McHenry
Nick Marsh
Priscilla Hamilton
Ryan Buendia
William Orbit","Benny Benassi
Alle Benassi
Free School
William Orbit
Brian ""BK"" Kennedy"
"""Dance (Ass)""",Big Sean,Hip hop,"GOOD Music, Def Jam","Sean Anderson, Onika Maraj, Marcos Palacios, Ernest Clark, Marlyn Banks",Da Internz
"""Springsteen""",Eric Church,"Country
heartland rock",EMI Nashville,"Eric Church
Jeff Hyde
Ryan Tyndell",Jay Joyce
"""Brokenhearted""",Karmin,"Pop, dance-pop",Epic,"Karmin, John Hill, Claude Kelly, Henry Walter, Emily Wright, Richard Head","Cirkut, Emily Wright"
"""Not Over You""",Gavin DeGraw,"Pop rock, blue-eyed soul",RCA,"Gavin DeGraw, Ryan Tedder[2]","Ryan Tedder, Jerrod Bettis"
"""Stereo Hearts""",Gym Class Heroes,Alternative hip hop,"Decaydance
Fueled by Ramen","Travie McCoy
Adam Levine
Benjamin Levin
Sterling Fox
Ammar Malik
Dan Omelio[1]","Benny Blanco
Robopop"
"""Back In Time""",Pitbull,"Dance-pop, dubstep, hip house","Polo Grounds, RCA, Mr. 305","Armando C. Pérez, Urales Vargas, Marc Kinchen, Adrian Trejo, Mickey Baker, Sylvia Robinson, Ellas McDaniel","Marc Kinchen, DJ Big Syphe, DJ Buddha"
"""Work Out""",J. Cole,Hip hop,"Roc Nation, Columbia","Bosco Kante, Elliot Wolff, Jermaine Cole, John Stephens, Kanye West, Miri Ben-Ari, Sukmeke Rainey",J. Cole
"""Rumour Has It""",Adele,"Pop
jazz
soul",XL,"Adele
Ryan Tedder",Ryan Tedder
"""Let's Go""",Calvin Harris,"Progressive house[1]
synthpop
dance-pop","Columbia
Deconstruction
Fly Eye","Calvin Harris
Shaffer Smith",Calvin Harris
"""Good Girl""",Carrie Underwood,Country rock,Arista Nashville,"Chris DeStefano, Ashley Gorley, Carrie Underwood",Mark Bright
"""Pontoon""",Little Big Town,Country,Capitol Nashville,"Natalie Hemby
Luke Laird
Barry Dean",Jay Joyce
"""Ho Hey""",The Lumineers,Indie folk,Dualtone,"Wesley Schultz, Jeremy Fraites",Ryan Hadlock
"""Paradise""",Coldplay,"Electronic rock
pop rock
R&B[1][2]",Parlophone,"Guy Berryman
Jonny Buckland
Will Champion
Chris Martin
Brian Eno","Markus Dravs
Daniel Green
Rik Simpson
Brian Eno"
"""Blown Away""",Carrie Underwood,Country pop,Arista Nashville,"Chris Tompkins, Josh Kear",Mark Bright
"""Rolling in the Deep""",Adele,"Pop
soul
blues",XL,"Adele Adkins
Paul Epworth",Paul Epworth
"""Climax""",Usher,"Quiet storm, electronic",RCA,"Wesley Pentz, Usher Raymond IV, Ariel Rechtshaid, Redd Stylez",Diplo
"""Work Hard, Play Hard""",Wiz Khalifa,Hip hop,"Atlantic, Rostrum","Cameron Thomaz, Benjamin Levin, Mikkel Storleer Eriksen, Tor Erik Hermansen","Benny Blanco, Stargate"
"""Let Me Love You (Until You Learn to Love Yourself)""",Ne-Yo,"EDM
Europop
synthpop",Motown,"Mikkel S. Erkisen
Sia Furler
Mark Hadfield
Tor E. Hermansen
Mike Di Scala
Shaffer Smith","StarGate
Reeva & Black"
"""Pound the Alarm""",Nicki Minaj,"Eurodance
Electro
pop","Young Money, Cash Money, Universal Republic","Onika Maraj
RedOne
Carl Falk
Rami Yacoub
Bilal Hajji
Achraf Jannusi","RedOne
Falk
Yacoub"
"""Come Over""",Kenny Chesney,Country,"Blue Chair
Columbia Nashville","Sam Hunt
Shane McAnally
Josh Osborne","Buddy Cannon
Kenny Chesney"
"""Heart Attack""",Trey Songz,"R&B, electro","Songbook, Atlantic","Tremaine Neverson, Richard Butler, Benjamin Levin","Benny Blanco, Rico Love"
"""Drank In My Cup""",Kirko Bangz,"Hip hop, Chopped and Screwed, R&B",Warner,"Kirk Randle, Raul Gonzalez, Brandon Tillman",Sound M.O.B.
"""Birthday Cake""",,,"Def Jam
SRP",,
"""So Good""",B.o.B,Pop rap,"Grand Hustle, Atlantic","Bobby Ray Simmons, Jr., Ryan Tedder, Brent Kutzle",Ryan Tedder
"""50 Ways to Say Goodbye""",Train,"Pop rock
Latin pop
folk rock","Columbia
Sony","Patrick Monahan
Espen Lind
Amund Bjørklund","Espionage
Butch Walker"
"""Red Solo Cup""",Toby Keith,"Country, comedy",Show Dog-Universal,"Brett Beavers
Jim Beavers
Brad Warren
Brett Warren",Toby Keith
"""Love You like a Love Song""",Selena Gomez & the Scene,Electropop,Hollywood,"Antonina Armato
Tim James
Adam Schmalholz","Rock Mafia
Devrim Karaoglu"
"""Turn Up the Music""",Chris Brown,"EDM
house",RCA,"Alexander ""Fuego"" Palmer
Chris Brown
Damon Thomas
Harvey Mason, Jr.
Michael ""Mike J"" Jimenez
Terence Cole
Greg Bonnick
Leon Price
Hayden Chapman
Peter Renshaw","Fuego
The Underdogs"
"""Die Young""",Kesha,"Electropop
dance-pop","RCA, Kemosabe","Benjamin Levin, Henry Walter, Kesha Sebert, Lukasz Gottwald, Nate Ruess[2]","Dr. Luke, Cirkut, Benny Blanco"
"""5 O'Clock""",T-Pain,"R&B, hip hop",Nappy Boy/Konvict/RCA,"Gary Barlow, Mark Owen, Greg Kurstin, Lily Allen, Howard Donald, Faheem Najm, Jason Orange, Cameron Thomaz, Stephen Robson[1]",T-Pain
"""A Thousand Years""",Christina Perri,,"Atlantic, Chop Shop","Christina Perri, David Hodges",
"""Take a Little Ride""",Jason Aldean,Bro-country,Broken Bow,"Dylan Altman
Jim McCormick
Rodney Clawson",Michael Knox
"""You da One""",Rihanna,"Pop[1]
reggae[2]","Def Jam
SRP","Ester Dean
Lukasz Gottwald
Robyn Fenty
John Hill
Henry Walter","Dr. Luke
Cirkut
Kuk Harrell"
"""We Run the Night""",Havana Brown,"Dance-pop
Eurodance",Island,"Cassie Davis
Sean Ray ""Snob Scrilla"" Mullins[1]",More Mega
"""It's Time""",Imagine Dragons,Indie rock,"Interscope
KIDinaKORNER","Ben McKee
Andrew Tolman+
Brittany Tolman+
Dan Reynolds
Wayne Sermon
Daniel Platzman+","Brandon Darner
Ben McKee
Andrew Tolman+
Dan Reynolds
Brittany Tolman+
Daniel Platzman+
Wayne Sermon"
"""Cashin' Out""",Cash Out,Hip hop,Epic,John Gibson,DJ Spinz
"""I Don't Want This Night to End""",Luke Bryan,Bro-country,Capitol Nashville,"Luke Bryan
Dallas Davidson
Rhett Akins
Ben Hayslip","Jeff Stevens
Mark Bright"
"""Diamonds""",Rihanna,"Electronic
pop","Def Jam
SRP","Sia Furler
Benjamin Levin
Mikkel S. Eriksen
Tor Erik Hermansen","Benny Blanco
StarGate
Kuk Harrell"
"""Hard to Love""",Lee Brice,Country,Curb,"Billy Montana
John Ozier
Ben Glover","Kyle Jacobs
Matt McClure"
"""Somethin' 'Bout a Truck""",Kip Moore,Bro-country,MCA Nashville,"Kip Moore
Dan Couch",Brett James
"""Adorn""",Miguel,"R&B,[2] electro soul[3]",RCA,Miguel Pimentel,Miguel
"""Fly Over States""",Jason Aldean,Country,Broken Bow,"Neil Thrasher
Michael Dulaney",Michael Knox
"""Even If It Breaks Your Heart""",Eli Young Band,Country,Republic Nashville,"Will Hoge
Eric Paslay","Frank Liddell
Mike Wrucke"
"""Burn It Down""",Linkin Park,"Electronic rock
rap rock",Warner Bros.,Linkin Park,"Mike Shinoda, Rick Rubin[3]"
"""Thrift Shop""",Macklemore & Ryan Lewis,"Comedy hip hop
hipster hop",Macklemore,"Ben Haggerty
Ryan Lewis",Ryan Lewis
"""Blurred Lines""",Robin Thicke,"R&B
disco
funk","Star Trak
Interscope","Robin Thicke
Pharrell Williams
Clifford Harris, Jr.
Marvin Gaye1",Pharrell Williams
"""Radioactive""",Imagine Dragons,"Electronic rock
industrial rock
alternative rock","KIDinaKORNER
Interscope","Melvyn Gonzalez
Alexander Grant
Ben McKee
Josh Mosser
Dan Platzman
Dan Reynolds
Wayne Sermon",Alex da Kid
"""Harlem Shake""",Baauer,"Bass
hip hop
trap","Jeffree's
Mad Decent",,Baauer
"""Can't Hold Us""",Macklemore & Ryan Lewis,"Hip hop
R&B",Macklemore,"Ben Haggerty
Ryan Lewis
Ray Dalton",Ryan Lewis
"""Mirrors""",Justin Timberlake,"Pop
R&B",RCA,"Justin Timberlake
Timothy Mosley
Jerome ""J-Roc"" Harmon
James Fauntleroy","Timbaland
Justin Timberlake
Jerome ""J-Roc"" Harmon"
"""Just Give Me a Reason""",Pink,Pop,RCA,"Pink
Jeff Bhasker
Nate Ruess",Jeff Bhasker
"""When I Was Your Man""",Bruno Mars,Pop,Atlantic,"Bruno Mars
Philip Lawrence
Ari Levine
Andrew Wyatt",The Smeezingtons
"""Cruise""",Florida Georgia Line,"Bro-country (album version)
Bro-country
country rap (remix featuring Nelly)","Big Loud Mountain
Republic Nashville","Brian Kelley
Tyler Hubbard
Joey Moi
Chase Rice
Jesse Rice","Joey Moi
Jason Nevins (remix featuring Nelly)"
"""Roar""",Katy Perry,Power pop,Capitol,"Katy Perry
Lukasz Gottwald
Max Martin
Bonnie McKee
Henry Walter","Dr. Luke
Max Martin
Cirkut"
"""Locked Out of Heaven""",Bruno Mars,Reggae rock,Atlantic,"Bruno Mars
Philip Lawrence
Ari Levine","The Smeezingtons
Mark Ronson
Jeff Bhasker
Emile Haynie"
"""Ho Hey""",The Lumineers,Indie folk,Dualtone,"Wesley Schultz, Jeremy Fraites",Ryan Hadlock
"""Stay""",Rihanna,"Pop
R&B","Def Jam
SRP","Mikky Ekko
Justin Parker
Elof Loelv","Mikky Ekko
Elof Loelv
Justin Parker
Kuk Harrell"
"""Get Lucky""",Daft Punk,"French House
Disco
funk[1]","Daft Life
Columbia","Thomas Bangalter
Guy-Manuel de Homem-Christo
Nile Rodgers
Pharrell Williams","Thomas Bangalter
Guy-Manuel de Homem-Christo"
"""Royals""",Lorde,"Art pop
electropop","Lava
Republic
Universal
Virgin","Lorde
Joel Little",Joel Little
"""I Knew You Were Trouble""",Taylor Swift,"Electropop[1]
dubstep[2]
pop rock[3]",Big Machine,"Taylor Swift
Max Martin
Shellback","Max Martin
Shellback"
"""We Can't Stop""",Miley Cyrus,"Pop
R&B",RCA,"Mike L. Williams II
Pierre Ramon Slaughter
Timothy Thomas
Theron Thomas
Miley Cyrus
Douglas Davis
Ricky Walters","Mike Will Made It
P-Nasty
Rock City"
"""Wrecking Ball""",Miley Cyrus,Pop,RCA,"MoZella, Stephan Moccio, Sacha Skarbek, Kiyanu Kim, Lukasz Gottwald, and Henry Russell Walter","Dr. Luke
Cirkut"
"""Wake Me Up""",Avicii,"Progressive house[1]
soul[2]
folktronica[3]","PRMD
Lava
Columbia","Tim Bergling
Aloe Blacc
Mike Einziger
Melinda Marie Marantz
Aileen Marie Quinn","Avicii
Arash Pournouri
Mike Shinoda[4]"
"""Suit & Tie""",Justin Timberlake,R&B,RCA,"Justin Timberlake
Timothy Mosley
Jerome ""J-Roc"" Harmon
Shawn Carter
James Fauntleroy
Terrence Stubbs
Johnny Wilson
Charles Still","Timbaland
Justin Timberlake
Jerome ""J-Roc"" Harmon"
"""Cups""",'NoneType' object has no attribute 'next_sibling',"Folk-pop
a cappella",Moshi Moshi,,
"""Holy Grail""",'NoneType' object has no attribute 'next_siblings',Hip hop,"Roc-A-Fella
Roc Nation
Universal","Justin Timberlake
Shawn Carter
Terius ""The-Dream"" Nash
Timothy Mosley
Jerome Harmon
Ernest Wilson
Krist Novoselic","The-Dream
Timbaland
Jerome ""J-Roc"" Harmon
No ID"
"""Scream & Shout""",will.i.am,Dance-pop[1],Interscope,"will.i.am
Jef Martens
Jean Baptiste","Lazy Jay
will.i.am"
"""Clarity""",Zedd,EDM[1],Interscope,"Anton Zaslavski
Skylar Grey
Matthew Koma
Porter Robinson",Zedd
"""Sail""",Awolnation,"Electronic rock
alternative rock",Red Bull,Aaron Bruno,Aaron Bruno
"""Don't You Worry Child""",Swedish House Mafia,Progressive house,"Virgin
EMI","Axel Hedfors, Steve Angello, Sebastian Ingrosso, John Martin Lindström, Michel Zitron",Swedish House Mafia
"""Diamonds""",Rihanna,"Electronic
pop","Def Jam
SRP","Sia Furler
Benjamin Levin
Mikkel S. Eriksen
Tor Erik Hermansen","Benny Blanco
StarGate
Kuk Harrell"
"""I Love It""",Icona Pop,"Electropop
dance-pop
electro house
techno",Ten,"Charlotte Aitchison
Patrik Berger
Linus Eklöw","Patrik Berger
Style of Eye"
"""Safe and Sound""",Capital Cities,"Synthpop
dance-pop","Lazy Hooks
Capitol","Ryan Merchant
Sebu Simonian","Ryan Merchant
Sebu Simonian"
"""Treasure""",Bruno Mars,"Disco
funk
soul
post-disco",Atlantic,"Phredley Brown
Bruno Mars
Philip Lawrence
Ari Levine",The Smeezingtons
"""The Way""",Ariana Grande,"R&B
pop",Republic,"Harmony Samuels
Amber Streeter
Al Sherrod Lambert
Jordin Sparks
Malcolm McCormick
Brenda Russell",Harmony Samuels
"""Started from the Bottom""",Drake,Hip hop,"OVO
Aspire
Young Money
Cash Money
Republic","Aubrey Graham
Noah Shebib
Michael Coleman","Mike Zombie
Noah ""40"" Shebib (add.)"
"""Come & Get It""",Selena Gomez,"Electropop
popstep
bhangra",Hollywood,"Ester Dean
Mikkel S. Eriksen
Tor Erik Hermansen",Stargate
"""Hold On, We're Going Home""",Drake,"R&B
synthpop[1]","OVO
Aspire
Young Money
Cash Money
Republic","Aubrey Graham
Noah Shebib
Majid Al Maskati
Jordan Ullman","Nineteen85
Majid Jordan
Noah ""40"" Shebib (add.)"
"""Daylight""",Maroon 5,Soft rock,A&M/Octone,"Adam Levine
Max Martin
SAMM
Mason Levy","Levine
MdL
Max Martin"
"""Feel This Moment""",Pitbull,Dance-pop[2] EDM,"Mr. 305
Polo Grounds
RCA","Nasri Atweh
Chantal Kreviazuk
Adam Messinger
Nolan Lambroza
Armando Pérez
Christina Aguilera
Urales Vargas
Morten Harket
Paul Waaktaar-Savoy
Magne Furuholmen","Adam Messinger
Nasri Atweh
Sir Nolan
DJ Buddha"
"""Applause""",Lady Gaga,"Electropop
Eurodance","Streamline
Interscope","Stefani Germanotta
Paul ""DJ White Shadow"" Blair
Dino Zisis
Nick Monson
Martin Bresso
Nicolas Mercier
Julien Arias
William Grigahcine","Paul ""DJ White Shadow"" Blair
Lady Gaga
Dino Zisis
Nick Monson"
"""One More Night""",Maroon 5,Pop,A&M/Octone,"Adam Levine
Shellback
Max Martin
Savan Kotecha","Shellback
Max Martin"
"""Love Me""",Lil Wayne,Hip hop,"Young Money, Cash Money, Republic","Dwayne Carter, Aubrey Graham, Nayvadius Wilburn, Michael Williams, Asheton Hogan","Mike WiLL Made It, A+"
"""My Songs Know What You Did in the Dark (Light Em Up)""",Fall Out Boy,"Pop rock
electronic rock",Island,"Andy Hurley, Patrick Stump, Pete Wentz, Joe Trohman

Butch Walker
John Hill",Butch Walker
"""Fuckin' Problems""",ASAP Rocky,Hip hop,"A$AP Worldwide
Polo Grounds
RCA","Rakim Mayers
Aubrey Graham
Noah Shebib
Kendrick Duckworth
Tauheed Epps
Stephen ""Static Major"" Garrett","Noah ""40"" Shebib
C. Papi (co.)"
"""Beauty and a Beat""",Justin Bieber,"EDM
electropop
dance-pop","Island
RBMG
Schoolboy","Max Martin
Anton Zaslavski
Savan Kotecha
Onika Maraj","Max Martin
Zedd"
"""Same Love""",Macklemore & Ryan Lewis,Conscious hip hop[1],Macklemore LLC,"Ben Haggerty
Ryan Lewis
Mary Lambert",Ryan Lewis
"""Sweet Nothing""",Calvin Harris,EDM,"Deconstruction
Fly Eye
Columbia","Calvin Harris
Florence Welch
Kid Harpoon",Calvin Harris
"""Summertime Sadness""",Lana Del Rey,Trip hop[1],Interscope,"Lana Del Rey
Rick Nowels","Emile Haynie
Rick Nowels (album version)
Rick Nowels
Devrim Karaoglu (radio mix)"
"""Home""",Phillip Phillips,Folk rock[3],Interscope,"Greg Holden
Drew Pearson",Drew Pearson
"""It's Time""",Imagine Dragons,Indie rock,"Interscope
KIDinaKORNER","Ben McKee
Andrew Tolman+
Brittany Tolman+
Dan Reynolds
Wayne Sermon
Daniel Platzman+","Brandon Darner
Ben McKee
Andrew Tolman+
Dan Reynolds
Brittany Tolman+
Daniel Platzman+
Wayne Sermon"
"""Power Trip""",J. Cole,Hip hop,"Roc Nation
Columbia Records","Jermaine Cole
Hubert Laws",J. Cole
"""Girl on Fire""",Alicia Keys,R&B,RCA,"Alicia Keys
Salaam Remi
Jeff Bhasker
Billy Squier","Alicia Keys
Jeff Bhasker
Salaam Remi"
"""Heart Attack""",Demi Lovato,Electropop,Hollywood,"Mitch Allan
Jason Evigan
Sean Douglas
Nikki Williams
Aaron Philips
Demi Lovato",The Suspex
"""Love Somebody""",Maroon 5,Dance-pop,A&M/Octone,"Adam Levine
Ryan Tedder
Noel Zancanella
Nathaniel Motte","Ryan Tedder
Noel Zancanella"
"""I Will Wait""",Mumford & Sons,"Folk rock, indie folk, bluegrass",Island,Marcus Mumford,Markus Dravs
"""Try""",Pink,Pop rock,RCA,"Busbee
Ben West",Greg Kurstin
"""Wagon Wheel""",Old Crow Medicine Show,"Country
Americana
folk
bluegrass",Nettwerk,,
"""Gangnam Style""",Psy,"K-pop[1][2]
dance-pop[3][4]","YG
Universal Republic
School Boy","Park Jae-Sang
Yoo Gun-hyung[5]","Park Jae-Sang
Yoo Gun-hyung
Yang Hyun-suk[6]"
"""I Need Your Love""",Calvin Harris,"Electro house
synthpop
dance-pop","Deconstruction
Fly Eye
Columbia","Calvin Harris
Ellie Goulding",Calvin Harris
"""Die Young""",Kesha,"Electropop
dance-pop","RCA, Kemosabe","Benjamin Levin, Henry Walter, Kesha Sebert, Lukasz Gottwald, Nate Ruess[2]","Dr. Luke, Cirkut, Benny Blanco"
"""Some Nights""",Fun,"Indie pop
Afrobeat",Fueled by Ramen/Atlantic,"Jeff Bhasker, Nate Ruess, Andrew Dost and Jack Antonoff",Jeff Bhasker
"""Bad""",Wale,"Hip hop, R&B","Maybach Music Group, Atlantic","Olubowale Akintimehin, Tiara Thomas","Kelson Camp, Tiara Thomas"
"""Boys 'Round Here""",Blake Shelton,"Bro-country
country rap",Warner Bros. Nashville,"Rhett Akins
Dallas Davidson
Craig Wiseman",Scott Hendricks
"""Gone, Gone, Gone""",Phillip Phillips,"Pop rock, folk rock",Interscope,"Derek Fuhrmann, Todd Clark, Gregg Wattenberg",Gregg Wattenberg
"""Demons""",Imagine Dragons,"Alternative rock
pop rock","KIDinaKORNER
Interscope","Ben McKee
Dan Platzman
Dan Reynolds
Wayne Sermon
Alexander Grant
Josh Mosser",Alex da Kid
"""Counting Stars""",OneRepublic,Folk,"Mosley
Interscope",Ryan Tedder,"Ryan Tedder
Noel Zancanella"
"""I Cry""",Flo Rida,,"Poe Boy
Atlantic","Alex Schwartz
Joe Khajadourian
Brenda Russell
Jeff Hull
Maarten Hoogstraten
Paul Bäumer
Pierre-Antoine Melki
Raphaël Judrin
Scott Cutler
Tramar Dillard","soFLY & Nius
The Futuristics"
"""Little Talks""",Of Monsters and Men,"Indie pop, indie folk",Universal Republic,"Nanna Bryndís Hilmarsdóttir
Ragnar Þórhallsson","Of Monsters And Men
Aron Þór Arnarsson"
"""The Other Side""",Jason Derulo,Dance-pop[1],Atlantic,"Jason Desrouleaux
Martin Johnson
Joshua Coleman",Ammo
"""Berzerk""",Eminem,"Hip hop, rap rock[1][2][3][4]","Aftermath
Shady
Interscope","Marshall Mathers
William Squier
Adam Horovitz
Adam Yauch
Michael Diamond
Rick Rubin
Joseph Modeliste
Arthur Neville
Cyril Neville
Felix Cartal
Roham
Vincent Brown
Anthony Criss
Keir Gist",Rick Rubin
"""Catch My Breath""",Kelly Clarkson,Electropop,RCA,"Kelly Clarkson, Jason Halbert, Eric Olson",Sound Kollectiv
"""Crash My Party""",Luke Bryan,Country,Capitol Nashville,"Rodney Clawson
Ashley Gorley",Jeff Stevens
"""Pour It Up""",Rihanna,"Club
trap","Def Jam
Roc Nation
SRP","Robyn Fenty
Michael ""Mike Will Made It"" Williams
Theron Thomas
Timothy Thomas
Justin Garner","Mike Will Made It
J-Bo"
"""22""",Taylor Swift,Pop[1],"Big Machine
Republic","Taylor Swift
Max Martin
Shellback","Max Martin
Shellback"
"""I Want Crazy""",Hunter Hayes,Country,Atlantic,"Hunter Hayes
Lori McKenna
Troy Verges","Dann Huff
Hunter Hayes"
"""The Fox (What Does the Fox Say?)""",Ylvis,"EDM
novelty[2]","Concorde TV
Parlophone
EMI Norway","Bård Ylvisåker
Vegard Ylvisåker
Christian Løchstøer
Tor Erik Hermansen
Mikkel S. Eriksen
Nicholas Boundy","Stargate
M4SONIC"
"""Best Song Ever""",One Direction,"Pop rock
power pop
teen pop","Syco
Columbia","Wayne Hector
John Ryan
Ed Drewett
Julian Bunetta","Julian Bunetta
John Ryan
Matt Rad"
"""The A Team""",Ed Sheeran,Indie folk,"Lava
Atlantic",Ed Sheeran,Jake Gosling
"""Carry On""",Fun,"Indie rock
baroque pop",Fueled by Ramen/Atlantic/Elektra,"Jeff Bhasker, Nate Ruess, Andrew Dost, Jack Antonoff",Jeff Bhasker
"""Highway Don't Care""",Tim McGraw,Country,Big Machine,"Mark Irwin
Josh Kear
Brad Warren
Brett Warren","Byron Gallimore
Tim McGraw"
"""That's My Kind of Night""",Luke Bryan,Bro-country,Capitol Nashville,"Dallas Davidson
Chris DeStefano
Ashley Gorley",Jeff Stevens
"""Swimming Pools (Drank)""",Kendrick Lamar,Conscious hip hop,"Top Dawg
Aftermath
Interscope","Kendrick Duckworth
Tyler Williams",T-Minus
"""Sure Be Cool If You Did""",Blake Shelton,Bro-country[1],Warner Bros. Nashville,"Rodney Clawson
Chris Tompkins
Jimmy Robbins",Scott Hendricks
"""#Beautiful""",Mariah Carey,"R&B
soul",Island,"Miguel Pimentel
Mariah Carey
Nathan Perez
Brook ""D’Leau"" Davis
Mac Robinson
Brian Keith Warfield","Miguel
Mariah Carey
Happy Perez
Brook ""D’Leau"" Davis"
"""Troublemaker""",Olly Murs,Pop,"Epic
Syco","Olly Murs
Steve Robson
Claude Kelly
Tramar Dillard",Steve Robson
"""Body Party""",Ciara,R&B,Epic,"Ciara Harris
Nayvadius ""Future"" Wilburn
Michael L. Williams II
Pierre Ramon Slaughter
Carlton Mahone
Rodney Terry","Mike Will Made It
P-Nasty
Ciara
Future"
"""Adorn""",Miguel,"R&B,[2] electro soul[3]",RCA,Miguel Pimentel,Miguel
"""Hall of Fame""",The Script,"Pop rock, hip hop","Epic, Phonogenic","Danny O'Donoghue, Mark Sheehan, James Barry","Danny O'Donoghue, Mark Sheehan, Jimbo Barry"
"""Let Me Love You (Until You Learn to Love Yourself)""",Ne-Yo,"EDM
Europop
synthpop",Motown,"Mikkel S. Erkisen
Sia Furler
Mark Hadfield
Tor E. Hermansen
Mike Di Scala
Shaffer Smith","StarGate
Reeva & Black"
"""U.O.E.N.O.""",Rocko,Hip hop,A1,"Rodney Hill, William Roberts, Nayvadius Wilburn",Childish Major
"""Next to Me""",Emeli Sandé,"R&B
soul
gospel",Virgin,"Emeli Sandé
Hugo Chegwin
Harry Craze
Anup Paul","Craze & Hoax
Mojam Music (add. prod.)"
"""Mama's Broken Heart""",Miranda Lambert,"Country, country rock",RCA Nashville,"Brandy Clark
Shane McAnally
Kacey Musgraves","Frank Liddell
Glenn Worf
Chuck Ainlay"
"""It Goes Like This""",Thomas Rhett,Country,Valory Music Group,"Rhett Akins
Ben Hayslip
Jimmy Robbins",Michael Knox
"""Bugatti""",Ace Hood,Hip hop,"We the Best Music Group, Cash Money, Universal Republic","Antoine McColister, William Leonard Roberts II, Nayvadius Wilburn, Michael Williams",Mike WiLL Made It
"""Wanted""",Hunter Hayes,"Country
country pop",Atlantic,"Hunter Hayes
Troy Verges","Dann Huff
Hunter Hayes"
"""Downtown""",Lady Antebellum,"Country pop, pop",Capitol Nashville,"Luke Laird
Shane McAnally
Natalie Hemby","Paul Worley
Lady Antebellum"
"""Get Your Shine On""",Florida Georgia Line,Bro-country,Republic Nashville,"Tyler Hubbard
Brian Kelley
Rodney Clawson
Chris Tompkins",Joey Moi
"""#thatPower""",will.i.am,Club[1],"will.i.am Music
Interscope","William Adams
Damien Leroy
Justin Bieber","will.i.am
Damien Leroy"
"""Brave""",Sara Bareilles,"Pop, power pop",Epic,"Sara Bareilles, Jack Antonoff",Mark Endert
"""Let Her Go""",Passenger,"Country
folk rock","Embassy of Music
Black Crow
Sony (distribution)
Nettwerk",Mike Rosenberg,"Mike Rosenberg
Chris Vallejo"
"""Runnin' Outta Moonlight""",Randy Houser,Bro-country,Stoney Creek,"Dallas Davidson
Ashley Gorley
Kelley Lovelace",Derek George
"""I'm Different""",2 Chainz,Hip hop,Def Jam,"Tauheed Epps, Dijon McFarlene, Mike Dean, Sonny Uwaezuoke",DJ Mustard
"""Still Into You""",Paramore,"Power pop
pop rock
new wave",Fueled by Ramen,"Hayley Williams
Taylor York",Justin Meldal-Johnsen
"""Happy""",Pharrell Williams,"Soul
neo soul","Back Lot Music
i Am Other
Columbia",Pharrell Williams,Pharrell Williams
"""Dark Horse""",Katy Perry,"Trap
hip hop",Capitol,"Katy Perry
Jordan Houston
Lukasz Gottwald
Sarah Hudson
Max Martin
Henry Walter","Dr. Luke
Max Martin
Cirkut"
"""All of Me""",John Legend,"R&B
soul","GOOD
Columbia","John Stephens
Toby Gad","Dave Tozer
John Legend
Tiësto (remix only)"
"""Fancy""",Iggy Azalea,Electro-hop,"Def Jam
Virgin EMI","Amethyst Amelia Kelly
Charlotte Aitchison
George Astasio
Jason Pebworth
Jon Mills
Jonathan Christopher Shave
Kurtis McKenzie","The Invisible Men
The Arcade"
"""Counting Stars""",OneRepublic,Folk,"Mosley
Interscope",Ryan Tedder,"Ryan Tedder
Noel Zancanella"
"""Talk Dirty""",Jason Derulo,"Pop-rap[1]
R&B","Beluga Heights
Atlantic","Jason Desrouleaux
Tauheed Epps
Eric Frederic
Jason Evigan
Sean Douglas
Ori Kaplan
Tamir Muskat
Tomer Yosef",Ricky Reed
"""Rude""",Magic!,"Pop
reggae fusion","Latium
RCA
Sony Music","Nasri Atweh
Adam Messinger
Mark Pellizzer
Ben Spivak
Alex Tanas",Adam Messinger
"""All About That Bass""",Meghan Trainor,"Bubblegum pop
doo-wop",Epic,"Meghan Trainor
Kevin Kadish",Kadish
"""Problem""",Ariana Grande,"Dance-pop
R&B",Republic,"Max Martin
Savan Kotecha
Ilya Salmanzadeh
Amethyst Kelly
Ariana Grande[1]","Max Martin
Shellback
Ilya
Peter Carlsson"
"""Stay with Me""",Sam Smith,"Soul
gospel",Capitol,"Sam Smith
James Napier
William Phillips
Tom Petty
Jeff Lynne","Jimmy Napes
Steve Fitzmaurice
Rodney Jerkins (Darkchild version)"
"""Timber""",Pitbull,"Dance-pop
EDM
folktronica","Polo Grounds
RCA
Mr. 305","Kesha Sebert
Armando C. Pérez
Lukasz Gottwald
Aaron Davis Arnold
Priscilla Hamilton
Jamie Sanderson
Breyan Stanley Isaac
Henry Walter
Pebe Sebert
Lee Oskar
Keri Oskar
Greg Errico
Steve Arrington
Charles Carter
Waung Hankerson
Roger Parker[2]","Dr. Luke
Cirkut
Sermstyle"
"""Pompeii""",Bastille,"Indie rock
synthpop",Virgin,Dan Smith,"Dan Smith
Mark Crew"
"""Shake It Off""",Taylor Swift,Dance-pop,Big Machine,"Taylor Swift
Max Martin
Shellback","Max Martin
Shellback"
"""Am I Wrong""",Nico & Vinz,Pop,"5 Star Entertainment
EMI
Warner Bros.","William Wiik Larsen
Nico Sereba
Vincent Dery",William Wiik Larsen (IDAP Music)
"""Turn Down for What""",DJ Snake,"Trap
EDM",Columbia,DJ Snake,"Lil Jon
DJ Snake
Tchami"
"""The Monster""",Eminem,Hip hop,"Aftermath
Interscope
Shady","Marshall Mathers
Bryan Fryzel
Bebe Rexha
Aaron Kleinstub
M. Athanasiou
Robyn Fenty
Jon Bellion","Frequency
Aalias (co-prod.)"
"""Say Something""",A Great Big World,Indie pop,Epic,"Ian Axel
Chad King
Mike Campbell",Dan Romer
"""Say Something""",A Great Big World,Indie pop,Epic,"Ian Axel
Chad King
Mike Campbell",Dan Romer
"""Let Her Go""",Passenger,"Country
folk rock","Embassy of Music
Black Crow
Sony (distribution)
Nettwerk",Mike Rosenberg,"Mike Rosenberg
Chris Vallejo"
"""Royals""",Lorde,"Art pop
electropop","Lava
Republic
Universal
Virgin","Lorde
Joel Little",Joel Little
"""Let It Go""",'NoneType' object has no attribute 'next_siblings',,Walt Disney,,
"""Wake Me Up""",Avicii,"Progressive house[1]
soul[2]
folktronica[3]","PRMD
Lava
Columbia","Tim Bergling
Aloe Blacc
Mike Einziger
Melinda Marie Marantz
Aileen Marie Quinn","Avicii
Arash Pournouri
Mike Shinoda[4]"
"""Demons""",Imagine Dragons,"Alternative rock
pop rock","KIDinaKORNER
Interscope","Ben McKee
Dan Platzman
Dan Reynolds
Wayne Sermon
Alexander Grant
Josh Mosser",Alex da Kid
"""Story of My Life""",One Direction,Folk pop,,"Julian Bunetta
Jamie Scott
John Ryan
Louis Tomlinson
Liam Payne
Niall Horan
Harry Styles
Zayn Malik","Julian Bunetta
John Ryan"
"""Chandelier""",Sia,Electropop,"Inertia
Monkey Puzzle
RCA","Sia Furler
Jesse Shatkin","Greg Kurstin
Jesse Shatkin"
"""Black Widow""",Iggy Azalea,Trap,Def Jam,"Tor Erik Hermansen
Mikkel Storleer Eriksen
Benjamin Levin
Katy Perry
Sarah Hudson
Iggy Azalea","Stargate
Tim Blacksmith (exec.)
Danny D. (exec.)"
"""Bang Bang""",Jessie J,"Pop[1][2]
pop soul[2]","Lava
Republic","Max Martin
Savan Kotecha
Rickard Göransson
Onika Maraj","Max Martin
Rickard Göransson
Ilya"
"""Latch""",Disclosure,"Deep house
future garage
synthpop","PMR
Cherrytree
Interscope","James Napier
Howard Lawrence
Guy Lawrence
Sam Smith",Disclosure
"""Maps""",Maroon 5,Pop rock,Interscope,"Adam Levine
Ammar Malik
Ryan Tedder
Benjamin Levin
Noel Zancanella","Ryan Tedder
Benny Blanco
Noel Zancanella
Noah Passovoy"
"""Loyal""",Chris Brown,"R&B
hip hop",RCA,"Nicholas Balding
Mark Kragen
Christopher Brown
Tyrone Griffin, Jr.
Bobby Brackins
Bobby Ray Simmons, Jr.
Dwayne Carter
Karim Kharbouch
Stanley Cox
Omololu Akinlolu
Mason Betha
Sean Combs
Christopher Wallace
Todd Shaw
Asha Puthli
Deric Angelettie
Michael Stevenson
Jermaine Mauldin
Shawn Carter",Nic Nac
"""Best Day of My Life""",American Authors,"Indie rock, indie folk","Mercury, Island","Aaron Accetta, Zachary Barnett, Shep Goodman, David Rublin, Matthew Sanchez, James Shelley","Aaron Accetta, Shep Goodman"
"""Habits (Stay High)""",Tove Lo,"Pop
electropop","Island
Republic","Tove Lo
Ludvig Söderberg
Jakob Jerlström",The Struts
"""Summer""",Calvin Harris,"Electro house
dance-pop","Deconstruction
Fly Eye
Columbia",Calvin Harris,Calvin Harris
"""Boom Clap""",Charli XCX,Electropop,"Atlantic
Asylum
Neon Gold","Charlotte Aitchison
Fredrik Berger
Patrik Berger
Stefan Gräslund","Patrik Berger
Stefan Gräslund"
"""Drunk in Love""",Beyoncé,"R&B
trap","Parkwood
Columbia","Beyoncé Knowles
Noel Fisher
Shawn Carter
Nayvadius Wilburn
Andre Eric Proctor
Rasool Diaz
Jordan Asher
Brian Soko
Timothy Mosley
Jerome Harmon","Detail
Knowles
Timbaland
J-Roc
Boots
Soko"
"""Anaconda""",Nicki Minaj,"Hip hop
pop-rap[1]","Young Money
Cash Money
Republic","Onika Maraj
Jamal Jones
Jonathan Solone-Myvett
Ernest Clark
Marcos Palacios
Sir Mix-a-Lot","Polow da Don
Anonymous
Da Internz"
"""Break Free""",Ariana Grande,"EDM[1]
electro[2]",Republic,"Anton Zaslavski
Max Martin
Savan Kotecha","Zedd
Max Martin"
"""Bailando""",Enrique Iglesias,,Republic,"Enrique Iglesias
Descemer Bueno
Alexander Delgado
Randy Malcom Martinez",Carlos Paucar Sean Paul
"""Burn""",Ellie Goulding,Synthpop[1],Polydor,"Ryan Tedder
Ellie Goulding
Greg Kurstin
Noel Zancanella
Brent Kutzle",Greg Kurstin
"""Wiggle""",and,"Dance-pop,[1] dirty rap","Warner Music Group
Atlantic
Beluga Heights","Jason Desrouleaux
Eric Frederic
Axident
Jacob Kasher
Sean Douglas
John Ryan
Joe Spargur
Calvin Broadus","Ricky Reed
Axident
Honua Music
John Ryan[a]
Joe London[a]"
"""Rather Be""",Clean Bandit,"House
baroque pop
synthpop","WMG
Atlantic","Jack Patterson
James Napier
Nicole Marshall
Grace Chatto","Grace Chatto
Jack Patterson"
"""Don't Tell 'Em""",Jeremih,R&B,Def Jam,"Jeremih Felton
Mick Schultz
Dijon McFarlane
Keenon Jackson
Michael Münzing
Luca Anzilotti
Thea Austin","Schultz
DJ Mustard"
"""Show Me""",Kid Ink,"Hip hop, R&B","Tha Alumni Music Group
88 Classic
RCA Records","Brian Collins
Christian Jones
Chris Brown
Jeremih Felton
Dijon McFarlane
Mike Free
Allen George
Craig McFarlane",DJ Mustard
"""Wrecking Ball""",Miley Cyrus,Pop,RCA,"MoZella, Stephan Moccio, Sacha Skarbek, Kiyanu Kim, Lukasz Gottwald, and Henry Russell Walter","Dr. Luke
Cirkut"
"""Not a Bad Thing""",Justin Timberlake,Pop,RCA,"Justin Timberlake
Timothy Mosley
Jerome ""J-Roc"" Harmon
James Fauntleroy","Timbaland
Justin Timberlake
Jerome ""J-Roc"" Harmon"
"""Roar""",Katy Perry,Power pop,Capitol,"Katy Perry
Lukasz Gottwald
Max Martin
Bonnie McKee
Henry Walter","Dr. Luke
Max Martin
Cirkut"
"""Ain't It Fun""",Paramore,"Pop rock
funk rock
new wave
new jack swing","Fueled by Ramen
Warner Bros.","Hayley Williams
Taylor York",Justin Meldal-Johnsen
"""The Man""",Aloe Blacc,"soul
R&B",Interscope,"Egbert Dawkins III
Elton John
Bernie Taupin
Sam Barsh
Daniel Seeff
Khalil Abdul Rahman","DJ Khalil, Dontae Winslow"
"""This Is How We Roll""",Florida Georgia Line,Bro-country,Republic Nashville,"Tyler Hubbard
Brian Kelley
Cole Swindell
Luke Bryan",Joey Moi
"""Classic""",MKTO,"Pop
pop rap",Columbia,"Evan ""Kidd"" Bogart
Andrew Goldstein
Emanuel Kiriakou
Lindy Robbins","Emanuel Kiriakou
Evan Bogart[1]"
"""A Sky Full of Stars""",Coldplay,"EDM[1][2]
pop[3]",Parlophone,"Tim Bergling
Guy Berryman
Jonny Buckland
Will Champion
Chris Martin","Avicii
Coldplay
Paul Epworth
Daniel Green
Rik Simpson"
"""Don't""",Ed Sheeran,"West Coast hip hop
hip-hop soul
R&B","Asylum
Atlantic","Ed Sheeran
Benjamin Levin","Rick Rubin
Benny Blanco"
"""Na Na""",Trey Songz,"Hip hop soul
R&B","Songbook
Atlantic","Tremaine Neverson
Dijon McFarlane
Sam Hook
Mike Free",DJ Mustard
"""Hot Nigga""",Bobby Shmurda,"Gangsta rap
trap
East Coast hip hop","Epic Records
GS9",Bobby Shmurda,Jahlil Beats
"""Hold On, We're Going Home""",Drake,"R&B
synthpop[1]","OVO
Aspire
Young Money
Cash Money
Republic","Aubrey Graham
Noah Shebib
Majid Al Maskati
Jordan Ullman","Nineteen85
Majid Jordan
Noah ""40"" Shebib (add.)"
"""Sing""",Ed Sheeran,"Pop[1]
R&B[1][2]","Asylum
Atlantic","Ed Sheeran
Pharrell Williams",Pharrell Williams
"""Radioactive""",Imagine Dragons,"Electronic rock
industrial rock
alternative rock","KIDinaKORNER
Interscope","Melvyn Gonzalez
Alexander Grant
Ben McKee
Josh Mosser
Dan Platzman
Dan Reynolds
Wayne Sermon",Alex da Kid
"""My Nigga""",YG,Hip hop,"Pushaz Ink
CTE World
Def Jam","Keenon Jackson
Dijon McFarlane
Mikely Adam
Daniel Wall
Jay Jenkins
Dequantes Lamar
Calvin Broadus
Awood Johnson
Craig Lawson
Corey Miller","DJ Mustard
Adam"
"""Cool Kids""",Echosmith,"Indie pop
pop rock",Warner Bros.,"Echosmith
Jeffery David
Jesiah Dzwonek","Mike Elizondo
Rob Cavallo"
"""Hey Brother""",Avicii,"EDM
house
country pop
dance-pop","PRMD
Universal","Salem Al Fakir
Tim Bergling
Veronica Maggio
Vincent Pontare
Ash Pournouri
Dan Tyminski",Avicii
"""Trumpets""",Jason Derulo,Pop[2],Atlantic,"Jason Desrouleaux
Jon Bellion",Jon Bellion
"""Animals""",Maroon 5,New wave[1],Interscope,"Adam Levine
Shellback
Benjamin Levin",Shellback
"""Burnin' It Down""",Jason Aldean,"R&B
pop
bro-country
EDM",Broken Bow,"Rodney Clawson
Chris Tompkins
Tyler Hubbard
Brian Kelley",Michael Knox
"""Play It Again""",Luke Bryan,Bro-country[1],Capitol Nashville,"Dallas Davidson
Ashley Gorley",Jeff Stevens
"""2 On""",Tinashe,Electro-R&B,RCA,"Tinashe Kachingwe
Quincy Hanley
Bobby Brackins
Nathan L. Walker
Dijon McFarlane
Jon Redwine
DJ Marley Waters
Sean Henriques
Troy Rami","DJ Mustard
Redwine
DJ Marley Waters"
"""Dirt""",Florida Georgia Line,Country[2],Republic Nashville[2],"Rodney Clawson
Chris Tompkins[4]",Joey Moi[5]
"""Love Runs Out""",OneRepublic,Rock[1],"Mosley
Interscope","Ryan Tedder
Brent Kutzle
Drew Brown
Zach Filkins
Eddie Fisher",Ryan Tedder
"""Bottoms Up""",Brantley Gilbert,"Bro-country
rock",Valory Music Group,"Brantley Gilbert
Justin Weaver
Brett James",Dann Huff
"""Shower""",Becky G,"Teen pop
pop-rap","Kemosabe
RCA","Rebbeca Marie Gomez
Lukasz Gottwald
Henry Walter
Theron Thomas
Timothy Thomas","Dr. Luke
Cirkut"
"""Me and My Broken Heart""",Rixton,"Pop
reggae","School Boy
Giant Little Man
Mad Love
Geffen
Interscope","Benjamin Levin
Ammar Malik
Steve Mac
Wayne Hector
Rob Thomas","Benny Blanco
Steve Mac"
"""Animals""",Martin Garrix,Big room house[1],Spinnin',Martijn Garritsen,Martin Garrix
"""Lifestyle""",Rich Gang,Hip hop,"Cash Money
Republic","Bryan Williams
Jeffrey Williams
Dequantes Lamar
London Holmes",London on da Track
"""American Kids""",Kenny Chesney,Country,"Blue Chair
Columbia Nashville","Rodney Clawson
Luke Laird
Shane McAnally","Kenny Chesney
Buddy Cannon[1]"
"""Brave""",Sara Bareilles,"Pop, power pop",Epic,"Sara Bareilles, Jack Antonoff",Mark Endert
"""Sweater Weather""",The Neighbourhood,Indie pop,Columbia,"Jesse Rutherford, Zach Abels, Jeremy Freedman",Justyn Pilbrow
"""Leave the Night On""",Sam Hunt,Country[2],MCA Nashville,"Sam Hunt
Josh Osborne
Shane McAnally","Zach Crowell[3]
Shane McAnally"
"""New Flame""",Chris Brown,"R&B
hip hop
synthpop",RCA,"Chris Brown
Kenneth Rorery
Justin Booth Johnson
Keith Thomas
Mark Pitts
Eric Bellinger
William Roberts
Malissa Hunter
James Chambers
Maurice ""Verse"" Simmonds
Usher Raymond IV","Count Justice
Kenneth Rorery"
"""Love Never Felt So Good""",Michael Jackson,"Disco
soul",Epic,"Michael Jackson
Paul Anka[1]","Michael Jackson
John McClain (solo version)
Giorgio Tuinfort (solo version)
Paul Anka[2]
Timbaland (duet version)
Justin Timberlake (duet version)
Jerome ""J-Roc"" Harmon (duet version)"
"""Drunk on a Plane""",Dierks Bentley,Country,Capitol Nashville,"Dierks Bentley
Chris Tompkins
Josh Kear",Ross Copperman
"""Birthday""",Katy Perry,Disco,Capitol,"Katy Perry
Lukasz Gottwald
Max Martin
Bonnie McKee
Henry Walter","Dr. Luke
Max Martin
Cirkut"
"""Bartender""",Lady Antebellum,"Country pop
pop rock",Capitol Nashville,"Dave Haywood
Charles Kelley
Hillary Scott
Rodney Clawson","Nathan Chapman
Lady Antebellum"
"""La La La""",Naughty Boy,"UK garage[1]
R&B
dance-pop[2]","Naughty Boy
Virgin EMI
Capitol","Shahid ""Naughty Boy"" Khan
Al-Hakam El-Kaubaisy
Frobisher Mbabazi
Sam Smith
James Napier
James Murray
Mustafa Omer
Jonny Coffer","Naughty Boy
Komi
Mojam (co.)"
"""Blurred Lines""",Robin Thicke,"R&B
disco
funk","Star Trak
Interscope","Robin Thicke
Pharrell Williams
Clifford Harris, Jr.
Marvin Gaye1",Pharrell Williams
"""Do What U Want""",Lady Gaga,"Synthpop
R&B","Streamline
Interscope","Stefani Germanotta
Paul ""DJ White Shadow"" Blair
Robert Kelly
Martin Bresso
William Grigahcine","Blair
Lady Gaga"
"""Can't Remember to Forget You""",Shakira,"New wave
reggae rock","RCA
Sony Music Latin","John Hill
Tom Hull
Daniel Alexander
Erik Hassle
Shakira
Robyn Fenty","John Hill
Kid Harpoon
Shakira[1]"
"""Amnesia""",5 Seconds of Summer,Pop rock,"Capitol
Hi or Hey","Michael Biancaniello
Louis Biancaniello
Benji Madden
Joel Madden
Sam Watters","M. Biancaniello
L. Biancaniello
Watters"
"""No Mediocre""",T.I.,Hip hop,"Grand Hustle
Columbia Records","Clifford Harris, Jr.
Amethyst Kelly",DJ Mustard
"""Come with Me Now""",Kongos,"Alternative rock
kwaito[1]","Tokoloshe
Epic
Rock All Night Productions LLC",Johnny Kongos,Kongos
"""Believe Me""",Lil Wayne,Hip hop,"Young Money
Cash Money
Republic","Dwayne Carter
Aubrey Graham
Anderson Hernandez
Matthew Samuels

DAVON King Emanuel Brooks","Vinylz
Boi-1da"
"""23""",Mike WiLL Made-It,Hip hop,Interscope,"Michael Williams
Jordan Houston
Cameron Thomaz
Theron Thomas
Timothy Thomas
Pierre Ramon Slaughter[1]",Mike WiLL Made-It
"""Beachin'""",Jake Owen,"Bro-country
country rap",RCA Nashville,"Jaren Johnston
Jon Nite
Jimmy Robbins",Joey Moi
"""White Walls""",Macklemore & Ryan Lewis,Hip hop,"Macklemore LLC
Warner Bros.","Ben Haggerty
Ryan Lewis
Quincy Hanley
Hollis Wong-Wear",Ryan Lewis
"""She Looks So Perfect""",5 Seconds of Summer,"Pop punk
power pop
pop rock","Capitol
Hi or Hey","Ashton Irwin
Michael Clifford
Jake Sinclair","Jake Sinclair
Eric Valentine"
"""Stay the Night""",Zedd,"Electro house[1]
EDM[2]",Interscope,"Anton Zaslavski
Hayley Williams
Benjamin Eli Hanna
Carah Faye",Zedd
"""Partition""",Beyoncé,,Columbia,"Terius Nash
Beyoncé Knowles
Justin Timberlake
Timothy Mosley
Jerome Harmon
Dwane Weir
Mike Dean","Timbaland
Jerome Harmon
Justin Timberlake
Beyoncé Knowles
Dwane Weir
Mike Dean
Boots"
"""Studio""",Schoolboy Q,"Hip hop, R&B","Top Dawg, Interscope","Quincy Hanley, Bryan Sledge, Steve Thornton",Swiff D
"""0 to 100 / The Catch Up""",Drake,Hip hop,"OVO Sound
Aspire
Young Money
Cash Money
Republic","Aubrey Graham, Anderson Hernandez, Matthew Samuels, Noah Shebib, Paul Jefferies, Adam Feeney, Chester Hansen","Vinylz
Boi-1da
Noah ""40"" Shebib
Nineteen85
Frank Dukes
Chester Hansen"
"""I Don't Dance""",Lee Brice,Country,Curb,"Lee Brice
Rob Hatch
Dallas Davidson",Lee Brice
"""Somethin' Bad""",Miranda Lambert,Country rock,"RCA Nashville
Arista Nashville","Chris DeStefano
Brett James
Priscilla Renea","Frank Liddell
Chuck Ainlay
Glenn Worf"
"""Adore You""",Miley Cyrus,"Pop
R&B",RCA,"Stacy Barthe
Oren Yoel",Oren Yoel
